Date,Benchmark,Markowitz_Optimization
03-Mar-2017,1,1
06-Mar-2017,0.997215831851929,0.998300155695083
07-Mar-2017,0.994314022796194,0.996128242649535
08-Mar-2017,0.992470981909443,0.997542068801617
09-Mar-2017,0.993464394018614,0.999203535144923
10-Mar-2017,0.996849837916972,1.00207335475375
13-Mar-2017,0.997189689428004,1.00199327111087
14-Mar-2017,0.993751960681794,1.00018729587582
15-Mar-2017,1.00205218027816,1.0062007941051
16-Mar-2017,1.00015685454355,1.00329675764412
17-Mar-2017,0.994549304611524,0.999975287881213
20-Mar-2017,0.993654972289031,0.999670868427108
21-Mar-2017,0.981896371431559,0.993136788251202
22-Mar-2017,0.984157691101119,0.9950297370669
23-Mar-2017,0.983151207779986,0.99331892193562
24-Mar-2017,0.982484575969884,0.993666155049289
27-Mar-2017,0.981648018404267,0.994449542186067
28-Mar-2017,0.988209766809579,0.996776021282766
29-Mar-2017,0.989177036494824,0.997460500662088
30-Mar-2017,0.991961204642895,0.99808646087881
31-Mar-2017,0.989909024364739,0.996749522008754
03-Apr-2017,0.988431977412946,0.996467566957579
04-Apr-2017,0.988967897103419,0.996486958099937
05-Apr-2017,0.986301369863014,0.994228487549708
06-Apr-2017,0.988889469831643,0.994924710356464
07-Apr-2017,0.987817630450695,0.99525660347333
10-Apr-2017,0.988445048624909,0.99420652328935
11-Apr-2017,0.98755620621144,0.992699167142848
12-Apr-2017,0.983647913834571,0.991747559697643
13-Apr-2017,0.977844295723099,0.989888913505584
14-Apr-2017,0.977844295723099,0.989888913505584
17-Apr-2017,0.985817735020391,0.993557118931346
18-Apr-2017,0.983386489595315,0.990182918667381
19-Apr-2017,0.98156959113249,0.990937350699107
20-Apr-2017,0.988915612255569,0.99538415940845
21-Apr-2017,0.985974589563944,0.993013611023909
24-Apr-2017,0.995960995503503,0.999534863232466
25-Apr-2017,1.00116333786469,1.00234661621733
26-Apr-2017,1.00067970302206,1.00366128810112
27-Apr-2017,1.00151626058768,1.0055604883134
28-Apr-2017,0.999477151521489,1.00711215772483
01-May-2017,1.00164697270731,1.00991400648164
02-May-2017,1.00210446512601,1.01139689436951
03-May-2017,1.00088884241347,1.0092594658896
04-May-2017,1.00188225452264,1.01112511618937
05-May-2017,1.00556833629614,1.01209497826553
08-May-2017,1.00533305448081,1.01148601506675
09-May-2017,1.00436578479557,1.01223898283775
10-May-2017,1.00607811356269,1.0124536893291
11-May-2017,1.00420893025201,1.01234206664614
12-May-2017,1.00282338178396,1.01257764552664
15-May-2017,1.00794729687337,1.01632307124474
16-May-2017,1.00718916657953,1.01656151458889
17-May-2017,0.990850151626059,1.00421677258125
18-May-2017,0.994549304611524,1.00728900124005
19-May-2017,1.0005620621144,1.00994188630344
22-May-2017,1.00525462720903,1.01317613303346
23-May-2017,1.00717609536756,1.01471319123179
24-May-2017,1.00950277109694,1.01679020683173
25-May-2017,1.01403848164802,1.02046059002127
26-May-2017,1.01389469831643,1.01972223883958
29-May-2017,1.01389469831643,1.01972223883958
30-May-2017,1.01317578165848,1.01744511728544
31-May-2017,1.01296664226707,1.01804963302545
01-Jun-2017,1.02041723308585,1.0248516329627
02-Jun-2017,1.02377653456028,1.03075218932582
05-Jun-2017,1.02299226184252,1.03039550809989
06-Jun-2017,1.02009045278678,1.02846112246693
07-Jun-2017,1.0216982118582,1.02917713105877
08-Jun-2017,1.02214263306494,1.02926512498774
09-Jun-2017,1.02063944368922,1.0274340433046
12-Jun-2017,1.02039109066193,1.02383115844461
13-Jun-2017,1.02508365575656,1.0264324257561
14-Jun-2017,1.0241555997072,1.02712113166364
15-Jun-2017,1.02223413154868,1.02380863934821
16-Jun-2017,1.01782913311722,1.02454353894645
19-Jun-2017,1.02564571787096,1.0316605666953
20-Jun-2017,1.01933232249294,1.03112525727386
21-Jun-2017,1.01912318310154,1.03528740772548
22-Jun-2017,1.01871797553069,1.03907118508856
23-Jun-2017,1.01985517097145,1.03894915288135
26-Jun-2017,1.02056101641744,1.03786135653165
27-Jun-2017,1.012639861968,1.03235422838916
28-Jun-2017,1.0211361497438,1.03567157305125
29-Jun-2017,1.01258757712015,1.02892440912559
30-Jun-2017,1.0142214786155,1.02875886328924
03-Jul-2017,1.01562009829551,1.02763607404381
04-Jul-2017,1.01562009829551,1.02763607404381
05-Jul-2017,1.01781606190526,1.02993280382567
06-Jul-2017,1.00903220746628,1.02294721798626
07-Jul-2017,1.01507110739308,1.02738443714853
10-Jul-2017,1.01616908919795,1.02866985313519
11-Jul-2017,1.01546324375196,1.03041215565792
12-Jul-2017,1.02275698002719,1.03610179706862
13-Jul-2017,1.02431245425076,1.03644138311258
14-Jul-2017,1.02883509358988,1.041694043688
17-Jul-2017,1.02874359510614,1.03989111506421
18-Jul-2017,1.02943636934017,1.04078498011299
19-Jul-2017,1.03467792533724,1.04629964119836
20-Jul-2017,1.03510927533201,1.04845736000987
21-Jul-2017,1.03437728746209,1.04881201972732
24-Jul-2017,1.03401129352714,1.04995842113377
25-Jul-2017,1.03612882986511,1.04782807544026
26-Jul-2017,1.03632489804455,1.04774009805433
27-Jul-2017,1.03529227229949,1.0466427053759
28-Jul-2017,1.03425964655443,1.04804085146878
31-Jul-2017,1.03373679807592,1.04867458620974
01-Aug-2017,1.03594583289763,1.04907738839014
02-Aug-2017,1.03640332531632,1.04827997546617
03-Aug-2017,1.03466485412527,1.04591535017891
04-Aug-2017,1.03631182683258,1.0451292675688
07-Aug-2017,1.03812872529541,1.0480501875986
08-Aug-2017,1.0357105510823,1.04556244265839
09-Aug-2017,1.03574976471818,1.04468275316105
10-Aug-2017,1.02223413154868,1.03464006769348
11-Aug-2017,1.02369810728851,1.03656596193489
14-Aug-2017,1.03308323747778,1.04197704392043
15-Aug-2017,1.03284795566245,1.04182523525913
16-Aug-2017,1.03459949806546,1.04395119322239
17-Aug-2017,1.01967217400397,1.03755057759716
18-Aug-2017,1.01818205584022,1.03570036449899
21-Aug-2017,1.01897939976995,1.03630583654304
22-Aug-2017,1.02883509358988,1.04444254031613
23-Aug-2017,1.02554114817526,1.0423411120669
24-Aug-2017,1.02320140123392,1.04229531444668
25-Aug-2017,1.02554114817526,1.04014170759211
28-Aug-2017,1.02560650423507,1.04013227647827
29-Aug-2017,1.0267567708878,1.0398955588932
30-Aug-2017,1.03130555265084,1.04323397753247
31-Aug-2017,1.03716145561016,1.04881161925785
01-Sep-2017,1.03831172226289,1.04872016238889
04-Sep-2017,1.03831172226289,1.04872016238889
05-Sep-2017,1.03164540416187,1.04310487121383
06-Sep-2017,1.03483477988079,1.04602532080482
07-Sep-2017,1.03491320715257,1.05112149948487
08-Sep-2017,1.03377601171181,1.0522992653564
11-Sep-2017,1.04382777371118,1.05986717879767
12-Sep-2017,1.04699100700617,1.05960223075216
13-Sep-2017,1.04737007215309,1.05611856782547
14-Sep-2017,1.04709557670187,1.05695047316661
15-Sep-2017,1.04351406462407,1.05702560766244
18-Sep-2017,1.04550088884241,1.06018185693959
19-Sep-2017,1.04644201610373,1.05698508584265
20-Sep-2017,1.04674265397888,1.05634074073637
21-Sep-2017,1.04407612673847,1.05595593492549
22-Sep-2017,1.0443114085538,1.05372677036038
25-Sep-2017,1.04246836766705,1.04891436517072
26-Sep-2017,1.04300428735752,1.04775729819451
27-Sep-2017,1.0465596570114,1.04759708709607
28-Sep-2017,1.04774913730001,1.04693508433074
29-Sep-2017,1.05114765241033,1.05230302037489
02-Oct-2017,1.05526508417861,1.05683930131333
03-Oct-2017,1.05743490536443,1.06050286067908
04-Oct-2017,1.05865052807696,1.0617341666603
05-Oct-2017,1.06445414618843,1.06619927197804
06-Oct-2017,1.06322545226393,1.06366143149534
09-Oct-2017,1.0616569068284,1.06118838007078
10-Oct-2017,1.06433650528077,1.064796483842
11-Oct-2017,1.06589197950434,1.06778059427086
12-Oct-2017,1.0644672174004,1.06769710665435
13-Oct-2017,1.06578740980864,1.06797286689547
16-Oct-2017,1.06709453100491,1.06722291708994
17-Oct-2017,1.0678003764509,1.07119225411992
18-Oct-2017,1.06865000522848,1.07316799024409
19-Oct-2017,1.06897678552755,1.07146364682958
20-Oct-2017,1.07396998849733,1.07272984377517
23-Oct-2017,1.07007476733243,1.07045465148162
24-Oct-2017,1.07170866882777,1.0680240044182
25-Oct-2017,1.06665010979818,1.06739333282236
26-Oct-2017,1.06786573251072,1.06335126137468
27-Oct-2017,1.076192094531,1.06880047583392
30-Oct-2017,1.07261058245321,1.06368601178785
31-Oct-2017,1.07410070061696,1.06595044591017
01-Nov-2017,1.07543396423716,1.07037041969168
02-Nov-2017,1.07593067029175,1.0693202866678
03-Nov-2017,1.07936839903796,1.07123912796526
06-Nov-2017,1.08095001568545,1.07169647931961
07-Nov-2017,1.08029645508732,1.07269804592576
08-Nov-2017,1.08199571264248,1.07534665423518
09-Nov-2017,1.07828348844505,1.07310904493399
10-Nov-2017,1.07772142633065,1.07143723384644
13-Nov-2017,1.07864948238001,1.07318837514902
14-Nov-2017,1.07637509149848,1.06971468568244
15-Nov-2017,1.0715256718603,1.06817237850115
16-Nov-2017,1.07986510509254,1.07620925084649
17-Nov-2017,1.07698943846073,1.07550672608272
20-Nov-2017,1.07866255359197,1.07614251415019
21-Nov-2017,1.0852896580571,1.08501419254262
22-Nov-2017,1.08457074139914,1.08215494410323
23-Nov-2017,1.08457074139914,1.08215494410323
24-Nov-2017,1.08681898985674,1.08393567324212
27-Nov-2017,1.08638763986197,1.08142063537595
28-Nov-2017,1.09668775488863,1.08454086106262
29-Nov-2017,1.09592962459479,1.0847289134492
30-Nov-2017,1.10479190630555,1.09568944302416
01-Dec-2017,1.10279201087525,1.0955597873193
04-Dec-2017,1.10147181846701,1.08368323385363
05-Dec-2017,1.09783802154136,1.07899884947195
06-Dec-2017,1.09808637456865,1.07717469342646
07-Dec-2017,1.1012626790756,1.08624491642364
08-Dec-2017,1.10689637143156,1.09644366866166
11-Dec-2017,1.10999424866674,1.09457997007903
12-Dec-2017,1.11175886228171,1.09051914391127
13-Dec-2017,1.11187650318938,1.09647490995079
14-Dec-2017,1.10760221687755,1.08687377110275
15-Dec-2017,1.11093537592806,1.09121838174635
18-Dec-2017,1.11744483948552,1.0912633244458
19-Dec-2017,1.11318362438565,1.08989276408771
20-Dec-2017,1.11243856530377,1.09104930849572
21-Dec-2017,1.11458224406567,1.09356429062209
22-Dec-2017,1.1142554637666,1.09825341029736
25-Dec-2017,1.1142554637666,1.09825341029736
26-Dec-2017,1.11310519711388,1.1006024635378
27-Dec-2017,1.11382411377183,1.10386579220897
28-Dec-2017,1.11598086374569,1.10574524290517
29-Dec-2017,1.11202028652097,1.09853998915219
01-Jan-2018,1.11202028652097,1.09853998915219
02-Jan-2018,1.11932709400816,1.11131221607788
03-Jan-2018,1.12604569695702,1.11905713797334
04-Jan-2018,1.13048990902436,1.11571166156732
05-Jan-2018,1.13756143469623,1.11748183751259
08-Jan-2018,1.13949597406672,1.10956277143451
09-Jan-2018,1.14169193767646,1.12204752278906
10-Jan-2018,1.14001882254523,1.12561614686278
11-Jan-2018,1.14791383457074,1.12928927775252
12-Jan-2018,1.15497228903064,1.13388610420731
15-Jan-2018,1.15497228903064,1.13388610420731
16-Jan-2018,1.15135156331695,1.12501657537524
17-Jan-2018,1.16157325107184,1.13304202601123
18-Jan-2018,1.15961256927742,1.1326642212215
19-Jan-2018,1.16448813133954,1.13797714112349
22-Jan-2018,1.17340269789815,1.15948946420604
23-Jan-2018,1.17588622817108,1.16509448517166
24-Jan-2018,1.17533723726864,1.16055795387444
25-Jan-2018,1.17596465544285,1.16783188744503
26-Jan-2018,1.18866987347067,1.17880332784411
29-Jan-2018,1.18114085538011,1.18100138025055
30-Jan-2018,1.16955976158109,1.16542471126937
31-Jan-2018,1.17013489490746,1.15402305370008
01-Feb-2018,1.168540207048,1.15447955993112
02-Feb-2018,1.14437153612883,1.1428529409521
05-Feb-2018,1.09909285788978,1.11350440687633
06-Feb-2018,1.11974537279097,1.12757810164994
07-Feb-2018,1.11383718498379,1.12858784536435
08-Feb-2018,1.0745451218237,1.09899359322174
09-Feb-2018,1.0896423716407,1.10445149015918
12-Feb-2018,1.10471347903378,1.11441586218342
13-Feb-2018,1.10736693506222,1.11658125006121
14-Feb-2018,1.12115706368294,1.1294338832217
15-Feb-2018,1.13467269685245,1.13748463568572
16-Feb-2018,1.13509097563526,1.13907295655109
19-Feb-2018,1.13509097563526,1.13552145613766
20-Feb-2018,1.12830701662658,1.13187211183436
21-Feb-2018,1.12285632123811,1.12785204631475
22-Feb-2018,1.12430722576597,1.13529609421512
23-Feb-2018,1.14131287252954,1.14564790726455
26-Feb-2018,1.15390044964969,1.15245181585989
27-Feb-2018,1.14016260587682,1.14319783130878
28-Feb-2018,1.12939192721949,1.13010362122001
01-Mar-2018,1.11400711073931,1.12371938586417
02-Mar-2018,1.11926173794834,1.12767218886551
05-Mar-2018,1.13140489386176,1.13665635744299
06-Mar-2018,1.13411063473805,1.13567098737679
07-Mar-2018,1.13370542716721,1.1316325160179
08-Mar-2018,1.1389731255882,1.12878541569698
09-Mar-2018,1.15757346021123,1.14236660317754
12-Mar-2018,1.15630555265084,1.13818172803318
13-Mar-2018,1.14931245425076,1.13521834779718
14-Mar-2018,1.14387483007424,1.13451013278522
15-Mar-2018,1.14268534978563,1.1354879081717
16-Mar-2018,1.13948290285475,1.13996093365111
19-Mar-2018,1.1248954303043,1.13423216384965
20-Mar-2018,1.12656854543553,1.14164259233814
21-Mar-2018,1.12460786364112,1.15014483892236
22-Mar-2018,1.09828244274809,1.13399133296467
23-Mar-2018,1.07628359301474,1.13596868891965
26-Mar-2018,1.1038638502562,1.14086590398412
27-Mar-2018,1.08641378228589,1.13359556561538
28-Mar-2018,1.08334204747464,1.13424201813389
29-Mar-2018,1.0964524730733,1.13829201873872
30-Mar-2018,1.0964524730733,1.13829201873872
02-Apr-2018,1.07420527031266,1.12086327159002
03-Apr-2018,1.08698891561226,1.1277121682463
04-Apr-2018,1.09787723517725,1.13275900251122
05-Apr-2018,1.10592910174631,1.13281890188268
06-Apr-2018,1.08294991111576,1.11618785325171
09-Apr-2018,1.08796925650946,1.12644202365205
10-Apr-2018,1.10416448813134,1.14477371855984
11-Apr-2018,1.09876607759071,1.14737343796509
12-Apr-2018,1.10711858203493,1.15150218814486
13-Apr-2018,1.10405991843564,1.15217650463719
16-Apr-2018,1.11260849105929,1.15033353078288
17-Apr-2018,1.12386280455924,1.15376923228792
18-Apr-2018,1.12445100909756,1.16655947309226
19-Apr-2018,1.11843825159469,1.16078972054578
20-Apr-2018,1.1093406880686,1.15848549090643
23-Apr-2018,1.10915769110112,1.16432625557729
24-Apr-2018,1.09502771096936,1.15542828928874
25-Apr-2018,1.09749817003033,1.15801719762383
26-Apr-2018,1.1081119941441,1.16367465209992
27-Apr-2018,1.10917076231308,1.16409434290791
30-Apr-2018,1.10118425180383,1.1606808687089
01-May-2018,1.1028442957231,1.15498842464483
02-May-2018,1.09586426853498,1.15194776641321
03-May-2018,1.09374673219701,1.1529290368115
04-May-2018,1.10705322597511,1.16283098690851
07-May-2018,1.11059552441702,1.16262300476996
08-May-2018,1.11055631078114,1.15902435710302
09-May-2018,1.12049043187284,1.16920723633011
10-May-2018,1.13055526508418,1.1747635536615
11-May-2018,1.13375771201506,1.17557698194433
14-May-2018,1.13418906200983,1.18126050807747
15-May-2018,1.1265816166475,1.17742372933968
16-May-2018,1.13099968629091,1.18087436544525
17-May-2018,1.13008470145352,1.18147219955014
18-May-2018,1.1275619575447,1.18100166082404
21-May-2018,1.13560075290181,1.1869868465075
22-May-2018,1.13258130293841,1.18367970106632
23-May-2018,1.13570532259751,1.18386034448973
24-May-2018,1.13361392868347,1.17720192425599
25-May-2018,1.13132646658998,1.16237699496238
28-May-2018,1.13132646658998,1.16237699496238
29-May-2018,1.11949701976367,1.15473445884079
30-May-2018,1.1333917180801,1.16764372041331
31-May-2018,1.1267907560389,1.15704970428473
01-Jun-2018,1.13696015894594,1.15354891521553
04-Jun-2018,1.14187493464394,1.15188593112713
05-Jun-2018,1.14276377705741,1.15350024327754
06-Jun-2018,1.15162605876817,1.1562299791824
07-Jun-2018,1.15169141482798,1.16125094382227
08-Jun-2018,1.15485464812297,1.16156462707917
11-Jun-2018,1.15625326780299,1.16444169458638
12-Jun-2018,1.15763881627104,1.16516685900654
13-Jun-2018,1.15409651782913,1.16691031418825
14-Jun-2018,1.15703754052076,1.17012010435298
15-Jun-2018,1.15075028756666,1.1583874887018
18-Jun-2018,1.14851511032103,1.16044356807313
19-Jun-2018,1.14448917703649,1.15795330481257
20-Jun-2018,1.14617536337969,1.1620152522808
21-Jun-2018,1.13952211649064,1.16073345497516
22-Jun-2018,1.14150894070898,1.1791989051565
25-Jun-2018,1.12686918331068,1.16988796590503
26-Jun-2018,1.1292481438879,1.18060618046003
27-Jun-2018,1.12068650005229,1.18650093313776
28-Jun-2018,1.12662083028338,1.19190914593898
29-Jun-2018,1.12816323329499,1.19751704370893
02-Jul-2018,1.13024155599707,1.19565738266494
03-Jul-2018,1.1265816166475,1.19563704582631
04-Jul-2018,1.1265816166475,1.19563704582631
05-Jul-2018,1.13532625745059,1.19625187183872
06-Jul-2018,1.14441074976472,1.20589227779726
09-Jul-2018,1.15400501934539,1.21032783636889
10-Jul-2018,1.1579002405103,1.21273004016727
11-Jul-2018,1.14997908606086,1.19179986106966
12-Jul-2018,1.15982170866883,1.19797108800308
13-Jul-2018,1.16076283593015,1.20056886174645
16-Jul-2018,1.15970406776116,1.18574047400884
17-Jul-2018,1.16408292376869,1.18809529976794
18-Jul-2018,1.16637038586218,1.1919939111821
19-Jul-2018,1.16234445257764,1.19054078187527
20-Jul-2018,1.16095890410959,1.19030627647922
23-Jul-2018,1.16276273136045,1.18972475825986
24-Jul-2018,1.16831799644463,1.19652162458312
25-Jul-2018,1.17765084178605,1.20599999456489
26-Jul-2018,1.17497124333368,1.20616463392381
27-Jul-2018,1.16749451009098,1.19975045527536
30-Jul-2018,1.16167782076754,1.20521598914362
31-Jul-2018,1.16716772979191,1.20317116617771
01-Aug-2018,1.16508940708983,1.19808137556193
02-Aug-2018,1.17114137822859,1.20600774765591
03-Aug-2018,1.17599079786678,1.20630434163052
06-Aug-2018,1.18009515842309,1.20791345556521
07-Aug-2018,1.18370281292481,1.20918271343621
08-Aug-2018,1.18328453414201,1.19890215377867
09-Aug-2018,1.18185977203806,1.19809500317
10-Aug-2018,1.17460524939872,1.20118862154267
13-Aug-2018,1.17039631914671,1.19962297882539
14-Aug-2018,1.17740248875876,1.20083722828438
15-Aug-2018,1.16919376764614,1.18826913166034
16-Aug-2018,1.17813447662867,1.19493636251329
17-Aug-2018,1.18213426748928,1.1976740591126
20-Aug-2018,1.18460472655025,1.2006997971278
21-Aug-2018,1.18717975530691,1.2024857766878
22-Aug-2018,1.18659155076859,1.21385373655657
23-Aug-2018,1.18512757502876,1.21368622683252
24-Aug-2018,1.19187232040155,1.2195308173351
27-Aug-2018,1.20069538847642,1.22263701809388
28-Aug-2018,1.20111366725923,1.22114472754841
29-Aug-2018,1.20725713688173,1.22939296471351
30-Aug-2018,1.20273449754261,1.23138748316866
31-Aug-2018,1.20274756875458,1.23035267445109
03-Sep-2018,1.20274756875458,1.23035267445109
04-Sep-2018,1.20057774756875,1.2233622258149
05-Sep-2018,1.19749294154554,1.22269450068134
06-Sep-2018,1.19415978249503,1.21800852159711
07-Sep-2018,1.19175467949388,1.21813275000503
10-Sep-2018,1.19374150371222,1.21544202700328
11-Sep-2018,1.19730994457806,1.22481933021663
12-Sep-2018,1.19761058245321,1.23124439616202
13-Sep-2018,1.20428997176618,1.22873461443764
14-Sep-2018,1.20440761267385,1.22774597114871
17-Sep-2018,1.19839485517097,1.22568118047762
18-Sep-2018,1.20439454146188,1.23334549392409
19-Sep-2018,1.20550559447872,1.23898774819694
20-Sep-2018,1.21481229739621,1.23935054701214
21-Sep-2018,1.2086034717139,1.24242850078767
24-Sep-2018,1.20474746418488,1.25043236975202
25-Sep-2018,1.20366255359197,1.24973177254303
26-Sep-2018,1.20038167938931,1.24670391034512
27-Sep-2018,1.20355798389627,1.25250839222927
28-Sep-2018,1.20364948238001,1.26022229059415
01-Oct-2018,1.2073747777894,1.27212825300308
02-Oct-2018,1.20686500052285,1.26963877776318
03-Oct-2018,1.2071264247621,1.27420929956786
04-Oct-2018,1.19810728850779,1.26198975691356
05-Oct-2018,1.19162396737426,1.26029056143263
08-Oct-2018,1.1915716825264,1.25991986210228
09-Oct-2018,1.19005542193872,1.26406595202624
10-Oct-2018,1.15437101328035,1.24389780092137
11-Oct-2018,1.13051605144829,1.2229476572112
12-Oct-2018,1.14528652096622,1.23296929099949
15-Oct-2018,1.13926069225139,1.23061470062463
16-Oct-2018,1.16278887378438,1.24240051147
17-Oct-2018,1.16288037226812,1.23512834055696
18-Oct-2018,1.1470511345812,1.22449349914918
19-Oct-2018,1.14641064519502,1.22500488512935
22-Oct-2018,1.14154815434487,1.22240330560646
23-Oct-2018,1.13613667259228,1.20299743031935
24-Oct-2018,1.10385077904423,1.19097482563924
25-Oct-2018,1.12237268639548,1.19971441631393
26-Oct-2018,1.10398149116386,1.19861240584342
29-Oct-2018,1.09819094426435,1.1940452998977
30-Oct-2018,1.11341890620098,1.19598208885726
31-Oct-2018,1.12450329394541,1.19054744194832
01-Nov-2018,1.1357445362334,1.18622163845819
02-Nov-2018,1.12913050298024,1.18013007515191
05-Nov-2018,1.13503869078741,1.18318940292126
06-Nov-2018,1.1417834361602,1.18205981501605
07-Nov-2018,1.16489333891038,1.19015243229459
08-Nov-2018,1.16286730105615,1.18492631725506
09-Nov-2018,1.15225347694238,1.1769460910744
12-Nov-2018,1.13208459688382,1.1703688730897
13-Nov-2018,1.13011084387744,1.16703312746238
14-Nov-2018,1.12289553487399,1.16192772918983
15-Nov-2018,1.13397992261843,1.16457000726074
16-Nov-2018,1.13689480288612,1.16906490916328
19-Nov-2018,1.11881731674161,1.16401706520885
20-Nov-2018,1.09928892606923,1.15513682132561
21-Nov-2018,1.10281815329917,1.15049190474167
22-Nov-2018,1.10281815329917,1.15049190474167
23-Nov-2018,1.09585119732302,1.15227152290152
26-Nov-2018,1.11251699257555,1.15610700860036
27-Nov-2018,1.11607236222943,1.16278282002309
28-Nov-2018,1.14025410436056,1.17422428500313
29-Nov-2018,1.13803199832689,1.17602441321554
30-Nov-2018,1.14463296036809,1.18572684662082
03-Dec-2018,1.15889365261947,1.18345339509823
04-Dec-2018,1.12369287880372,1.16938598302137
05-Dec-2018,1.12369287880372,1.16938598302137
06-Dec-2018,1.12221583185193,1.16850058753617
07-Dec-2018,1.09770730942173,1.15503552993556
10-Dec-2018,1.09974641848792,1.15645204887252
11-Dec-2018,1.09990327303148,1.16021155222175
12-Dec-2018,1.10501411690892,1.16293813575839
13-Dec-2018,1.10468733660985,1.16541911262213
14-Dec-2018,1.08555108229635,1.14764695939834
17-Dec-2018,1.06564362647705,1.13321585653571
18-Dec-2018,1.06459792952003,1.12563742649368
19-Dec-2018,1.04982746000209,1.11818101537419
20-Dec-2018,1.03371065565199,1.10796961625129
21-Dec-2018,1.00836557565617,1.09653422928267
24-Dec-2018,0.983530272926906,1.08000947359488
25-Dec-2018,0.983530272926906,1.08000947359488
26-Dec-2018,1.0297762208512,1.10199585204541
27-Dec-2018,1.03723988288194,1.10874305839204
28-Dec-2018,1.03623339956081,1.10922094390151
31-Dec-2018,1.04446826309735,1.1153428826977
01-Jan-2019,1.04446826309735,1.1153428826977
02-Jan-2019,1.04601066610896,1.10844138391709
03-Jan-2019,1.02296611941859,1.1000793620433
04-Jan-2019,1.05470302206421,1.1164087343196
07-Jan-2019,1.06237582348635,1.11728360176356
08-Jan-2019,1.07161717034403,1.12269411442725
09-Jan-2019,1.07632280665063,1.12129898734002
10-Jan-2019,1.07981282024469,1.12389639865092
11-Jan-2019,1.08036181114713,1.12606379107355
14-Jan-2019,1.074087629405,1.12079721760774
15-Jan-2019,1.08565565199205,1.13002684670163
16-Jan-2019,1.08809996862909,1.12763152406744
17-Jan-2019,1.09583812611105,1.13214279436847
18-Jan-2019,1.10943218655234,1.14015590379995
21-Jan-2019,1.10943218655234,1.14015590379995
22-Jan-2019,1.09543291854021,1.13479623145219
23-Jan-2019,1.09760273972603,1.13891304096398
24-Jan-2019,1.09829551396005,1.13223532680328
25-Jan-2019,1.10694865627941,1.13140566811636
28-Jan-2019,1.09902750182997,1.12876265733477
29-Jan-2019,1.09775959426958,1.13112867521529
30-Jan-2019,1.11419010770679,1.1381087202777
31-Jan-2019,1.12358830910802,1.14850243858312
01-Feb-2019,1.12381051971139,1.14694172822702
04-Feb-2019,1.13115654083447,1.14796351335373
05-Feb-2019,1.13571839380947,1.14747062872242
06-Feb-2019,1.13431977412946,1.145935227817
07-Feb-2019,1.12428108334205,1.14287074969135
08-Feb-2019,1.12565356059814,1.14488442005275
11-Feb-2019,1.12617640907665,1.14281171395651
12-Feb-2019,1.13973125588205,1.1482839330766
13-Feb-2019,1.14315591341629,1.14778903360824
14-Feb-2019,1.14092073617066,1.15059304398533
15-Feb-2019,1.15265868451323,1.15806910455373
18-Feb-2019,1.15265868451323,1.15806910455373
19-Feb-2019,1.15461936630764,1.16236471639412
20-Feb-2019,1.15678918749346,1.16134195132894
21-Feb-2019,1.15275018299697,1.15444670643335
22-Feb-2019,1.15961256927742,1.15894563503055
25-Feb-2019,1.16106347380529,1.159104432123
26-Feb-2019,1.16037069957126,1.15837828248852
27-Feb-2019,1.15974328139705,1.15442397974317
28-Feb-2019,1.15761267384712,1.15148278774793
01-Mar-2019,1.16414827982851,1.15005961876027
04-Mar-2019,1.16029227229949,1.14435000394277
05-Mar-2019,1.15882829655966,1.14454354482171
06-Mar-2019,1.15230576179023,1.13908617870013
07-Mar-2019,1.14337812401966,1.13612131561034
08-Mar-2019,1.1413259437415,1.13904132278756
11-Mar-2019,1.15680225870543,1.14133491885841
12-Mar-2019,1.16111575865314,1.1459931573482
13-Mar-2019,1.16834413886856,1.15222681726281
14-Mar-2019,1.16754679493883,1.14778999940712
15-Mar-2019,1.16826571159678,1.14973527004005
18-Mar-2019,1.17223936003346,1.14929277656461
19-Mar-2019,1.17248771306075,1.153189620653
20-Mar-2019,1.16944212067343,1.15288013792752
21-Mar-2019,1.18189898567395,1.1529845143483
22-Mar-2019,1.16078897835407,1.14731487012521
25-Mar-2019,1.16007006169612,1.14967672976947
26-Mar-2019,1.16822649796089,1.15051710948143
27-Mar-2019,1.16261894802886,1.14575132230767
28-Mar-2019,1.16677559343302,1.14206477805713
29-Mar-2019,1.17369026456133,1.14666830480678
01-Apr-2019,1.18633012652933,1.14501049420241
02-Apr-2019,1.18693140227962,1.14552467194909
03-Apr-2019,1.18859144619889,1.14448741304166
04-Apr-2019,1.19162396737426,1.14478601099601
05-Apr-2019,1.19708773397469,1.14686010923658
08-Apr-2019,1.19791122032835,1.14829171918616
09-Apr-2019,1.19218602948865,1.14899236406109
10-Apr-2019,1.19610739307749,1.15025736957077
11-Apr-2019,1.19566297187075,1.14170594243145
12-Apr-2019,1.20311356268953,1.13813458895486
15-Apr-2019,1.20243385966747,1.13888277208181
16-Apr-2019,1.20299592178187,1.12879116785623
17-Apr-2019,1.20027710969361,1.11835592298419
18-Apr-2019,1.20262992784691,1.11910460429088
19-Apr-2019,1.20262992784691,1.11910460429088
22-Apr-2019,1.20353184147234,1.11930028003531
23-Apr-2019,1.21384502771097,1.12394979196568
24-Apr-2019,1.21147913834571,1.12466676492383
25-Apr-2019,1.21073407926383,1.12854128227966
26-Apr-2019,1.21618477465231,1.13418052386593
29-Apr-2019,1.21788403220747,1.13210058434877
30-Apr-2019,1.21855066401757,1.13470127202045
01-May-2019,1.20980602321447,1.13109089150176
02-May-2019,1.20721792324584,1.13142272620767
03-May-2019,1.21844609432187,1.13599544038989
06-May-2019,1.21380581407508,1.13496700611521
07-May-2019,1.19480027188121,1.12118410701586
08-May-2019,1.1931532991739,1.12154313568497
09-May-2019,1.18984628254732,1.1187410088646
10-May-2019,1.19545383247935,1.11986724991207
13-May-2019,1.1673115131235,1.10139055790035
14-May-2019,1.17721949179128,1.10810466274787
15-May-2019,1.18388580989229,1.11252205829177
16-May-2019,1.19414671128307,1.1182274722961
17-May-2019,1.18689218864373,1.11492329572517
20-May-2019,1.17937624176514,1.10921527773264
21-May-2019,1.18937571891666,1.11634875978242
22-May-2019,1.18606870229008,1.11672913943079
23-May-2019,1.1726837812402,1.11013731812651
24-May-2019,1.17520652514901,1.11076734708021
27-May-2019,1.17520652514901,1.11076734708021
28-May-2019,1.16507633587786,1.10491408199924
29-May-2019,1.15773031475478,1.09980473056744
30-May-2019,1.16089354804978,1.10368502989535
31-May-2019,1.1464890724668,1.0962294456084
03-Jun-2019,1.14388790128621,1.09100336567168
04-Jun-2019,1.16703701767228,1.10652125392941
05-Jun-2019,1.17648750392136,1.11328402219689
06-Jun-2019,1.18372895534874,1.11877052787511
07-Jun-2019,1.19508783854439,1.12830945573806
10-Jun-2019,1.20006797030221,1.13272169514075
11-Jun-2019,1.1997542612151,1.13209817852335
12-Jun-2019,1.1978589354805,1.13203849700755
13-Jun-2019,1.20262992784691,1.13278474303976
14-Jun-2019,1.20145351877026,1.12919161556792
17-Jun-2019,1.20185872634111,1.13103594747372
18-Jun-2019,1.21381888528704,1.13987047899095
19-Jun-2019,1.21657691101119,1.14427108346834
20-Jun-2019,1.22762208511973,1.15090604493868
21-Jun-2019,1.2201192094531,1.14832429814094
24-Jun-2019,1.21886437310467,1.14705289308064
25-Jun-2019,1.20764927324061,1.13951898969482
26-Jun-2019,1.20632908083238,1.13855066271177
27-Jun-2019,1.21052493987243,1.14200039449093
28-Jun-2019,1.21644619889156,1.14307970505424
01-Jul-2019,1.22668095785841,1.14926024391224
02-Jul-2019,1.22985726236537,1.15216730601929
03-Jul-2019,1.23928160619053,1.15796322512993
04-Jul-2019,1.23928160619053,1.15796322512993
05-Jul-2019,1.23759541984733,1.15468504271116
08-Jul-2019,1.23112516992576,1.14948300656409
09-Jul-2019,1.23252378960577,1.15101049006851
10-Jul-2019,1.23811826832584,1.15498577729651
11-Jul-2019,1.24062794102269,1.15640784926351
12-Jul-2019,1.24590871065565,1.15477002089459
15-Jul-2019,1.24643155913416,1.15680588616337
16-Jul-2019,1.24224877130608,1.15174008954729
17-Jul-2019,1.23475896685141,1.15105757217888
18-Jul-2019,1.23913782285894,1.15572428690609
19-Jul-2019,1.23252378960577,1.15048330798245
22-Jul-2019,1.2354648122974,1.15378177870064
23-Jul-2019,1.24369967583394,1.15784702161456
24-Jul-2019,1.24929415455401,1.1609021277682
25-Jul-2019,1.24354282129039,1.15776556633077
26-Jul-2019,1.25145090452787,1.15984528432966
29-Jul-2019,1.24934643940186,1.16111029434863
30-Jul-2019,1.24644463034613,1.15736853524858
31-Jul-2019,1.23370019868242,1.14861830274971
01-Aug-2019,1.22393600334623,1.14664559113375
02-Aug-2019,1.21538743072258,1.1404899656427
05-Aug-2019,1.18132385234759,1.11858240378167
06-Aug-2019,1.19708773397469,1.12831703227123
07-Aug-2019,1.19778050820872,1.13046162231865
08-Aug-2019,1.21993621248562,1.14308081824674
09-Aug-2019,1.21201505803618,1.13982663637596
12-Aug-2019,1.1985255672906,1.13213948705788
13-Aug-2019,1.21592335041305,1.14472172255325
14-Aug-2019,1.18246104778835,1.12477582580685
15-Aug-2019,1.18570270835512,1.12561159194302
16-Aug-2019,1.20205479452055,1.13589601652559
19-Aug-2019,1.21537435951061,1.14420885613988
20-Aug-2019,1.20686500052285,1.13959859414817
21-Aug-2019,1.21592335041305,1.14605656042612
22-Aug-2019,1.21543971557043,1.14351758516884
23-Aug-2019,1.18638241137718,1.12453839628145
26-Aug-2019,1.1986301369863,1.13250533797955
27-Aug-2019,1.19451270521803,1.12998594027686
28-Aug-2019,1.20246000209139,1.13280737720659
29-Aug-2019,1.21682526403848,1.14116665888354
30-Aug-2019,1.21631548677193,1.14147082883806
02-Sep-2019,1.21631548677193,1.14147082883806
03-Sep-2019,1.20960995503503,1.134686771261
04-Sep-2019,1.22265502457388,1.14054838223372
05-Sep-2019,1.23702028652097,1.15084228188926
06-Sep-2019,1.2380267698421,1.15165095200926
09-Sep-2019,1.23820976680958,1.14581346757955
10-Sep-2019,1.23753006378751,1.14504657651826
11-Sep-2019,1.24577799853602,1.15211102801731
12-Sep-2019,1.24972550454878,1.15385639926286
13-Sep-2019,1.24847066820036,1.15117888217433
16-Sep-2019,1.24503293945415,1.14957229711829
17-Sep-2019,1.24819617274914,1.15148312271598
18-Sep-2019,1.24895430304298,1.15144431188736
19-Sep-2019,1.24890201819513,1.1538640030616
20-Sep-2019,1.23820976680958,1.1494463408762
23-Sep-2019,1.23798755620621,1.14861378606581
24-Sep-2019,1.22909913207153,1.14215587753066
25-Sep-2019,1.23559552441702,1.14441463273338
26-Sep-2019,1.23329499111158,1.14292257605417
27-Sep-2019,1.22709923664122,1.13693710280031
30-Sep-2019,1.23256300324166,1.14361204216512
01-Oct-2019,1.2187859458329,1.13633353320817
02-Oct-2019,1.19860399456238,1.1252291503796
03-Oct-2019,1.20809369444735,1.13244474934872
04-Oct-2019,1.22368765031894,1.14344564710802
07-Oct-2019,1.21849837916972,1.14082870714456
08-Oct-2019,1.20076074453623,1.12808541479911
09-Oct-2019,1.21134842622608,1.13541963562166
10-Oct-2019,1.21872058977308,1.13957541575179
11-Oct-2019,1.23034089720799,1.14692630337995
14-Oct-2019,1.22909913207153,1.14664664497398
15-Oct-2019,1.24039265920736,1.15675864796297
16-Oct-2019,1.23856268953257,1.15401566505121
17-Oct-2019,1.24197427585486,1.15616831228301
18-Oct-2019,1.2369026456133,1.1516164064039
21-Oct-2019,1.24460158945937,1.15478539993842
22-Oct-2019,1.24088936526195,1.15101267137057
23-Oct-2019,1.24430095158423,1.1535224993308
24-Oct-2019,1.24623549095472,1.15661613248085
25-Oct-2019,1.25091498483739,1.16118524511953
28-Oct-2019,1.25739830597093,1.16923036035044
29-Oct-2019,1.25704538324793,1.1677404058657
30-Oct-2019,1.26097981804873,1.1716757553568
31-Oct-2019,1.2581825786887,1.17486919113819
01-Nov-2019,1.26899247098191,1.17482052250309
04-Nov-2019,1.27352818153299,1.17278097314519
05-Nov-2019,1.27192042246157,1.16457187976186
06-Nov-2019,1.27236484366831,1.16729085156058
07-Nov-2019,1.2761947087734,1.16287521679074
08-Nov-2019,1.27907037540521,1.16344055153411
11-Nov-2019,1.27680905573565,1.16110487234481
12-Nov-2019,1.2794232981282,1.16424900065325
13-Nov-2019,1.27995921781868,1.16602025025642
14-Nov-2019,1.28195911324898,1.1675857056605
15-Nov-2019,1.29074296768796,1.1745309245022
18-Nov-2019,1.29171023737321,1.17425449120996
19-Nov-2019,1.29147495555788,1.17691410722657
20-Nov-2019,1.28716145561016,1.17658423527161
21-Nov-2019,1.28504391927219,1.17575077042268
22-Nov-2019,1.28776273136045,1.17650835328587
25-Nov-2019,1.29727857366935,1.17937019999667
26-Nov-2019,1.3001411690892,1.18065681002285
27-Nov-2019,1.30552650841786,1.18089356971293
28-Nov-2019,1.30552650841786,1.18089356971293
29-Nov-2019,1.30092544180696,1.18156056568819
02-Dec-2019,1.29012862072571,1.17902762539505
03-Dec-2019,1.28240353445571,1.18153940828328
04-Dec-2019,1.28965805709505,1.18456902874731
05-Dec-2019,1.2917494510091,1.18480440590621
06-Dec-2019,1.30279462511764,1.18408956030825
09-Dec-2019,1.29893861758862,1.18126445154937
10-Dec-2019,1.29752692669664,1.18305039809303
11-Dec-2019,1.30121300847015,1.1857318289865
12-Dec-2019,1.31147390986092,1.18815987836759
13-Dec-2019,1.31249346439402,1.18951490916349
16-Dec-2019,1.32084596883823,1.19363153619997
17-Dec-2019,1.32109432186552,1.19322138484523
18-Dec-2019,1.32102896580571,1.19378279541514
19-Dec-2019,1.32610059604727,1.19546950782122
20-Dec-2019,1.32546010666109,1.19704324212873
23-Dec-2019,1.32732928997177,1.19957049181351
24-Dec-2019,1.32744693087943,1.20238545593392
25-Dec-2019,1.32744693087943,1.20238545593392
26-Dec-2019,1.33423088988811,1.20475478635076
27-Dec-2019,1.33399560807278,1.20483360796927
30-Dec-2019,1.32696329603681,1.20068806098312
31-Dec-2019,1.32994353236432,1.20219193720636
01-Jan-2020,1.32994353236432,1.20219193720636
02-Jan-2020,1.34187754888633,1.20584780376109
03-Jan-2020,1.33257084596884,1.20704414468751
06-Jan-2020,1.33730262469936,1.21311389329994
07-Jan-2020,1.33361654292586,1.21383123283399
08-Jan-2020,1.34025671860295,1.21372609696012
09-Jan-2020,1.34892293213427,1.2134105637334
10-Jan-2020,1.34539370490432,1.21560829188862
13-Jan-2020,1.35411220328349,1.21163711823154
14-Jan-2020,1.3522822336087,1.21370252979753
15-Jan-2020,1.35528861236014,1.21925478295005
16-Jan-2020,1.36588936526195,1.2208350656878
17-Jan-2020,1.36984994248667,1.22150810908722
20-Jan-2020,1.36984994248667,1.22150810908722
21-Jan-2020,1.36753633796926,1.22235877265048
22-Jan-2020,1.36774547736066,1.2229361757896
23-Jan-2020,1.36939245006797,1.22182569148888
24-Jan-2020,1.35799435323643,1.21353546844932
27-Jan-2020,1.33769476105825,1.20233547369866
28-Jan-2020,1.35081825786887,1.21074525592922
29-Jan-2020,1.35000784272718,1.21066410694166
30-Jan-2020,1.3541775593433,1.21102511642045
31-Jan-2020,1.33111994144097,1.19397972877426
03-Feb-2020,1.34034821708669,1.20113305470775
04-Feb-2020,1.35937990170449,1.21664588230035
05-Feb-2020,1.37407194395064,1.22598120744043
06-Feb-2020,1.37854229844191,1.22955473511627
07-Feb-2020,1.3717714106452,1.22338928692204
10-Feb-2020,1.38162710446513,1.23028497873161
11-Feb-2020,1.38378385443898,1.23137720640072
12-Feb-2020,1.39211021645927,1.23574778352612
13-Feb-2020,1.39075081041514,1.23306121471645
14-Feb-2020,1.39294677402489,1.23498815087955
17-Feb-2020,1.39294677402489,1.23498815087955
18-Feb-2020,1.38969204224616,1.23225705460593
19-Feb-2020,1.39597929520025,1.23843393681584
20-Feb-2020,1.3907638816271,1.23210903136684
21-Feb-2020,1.37739203178919,1.22426941170679
24-Feb-2020,1.33444002927952,1.19745424382119
25-Feb-2020,1.29631130398411,1.17540732600579
26-Feb-2020,1.29171023737321,1.17688766785928
27-Feb-2020,1.23715099864059,1.14693038270991
28-Feb-2020,1.23285056990484,1.14521503772186
02-Mar-2020,1.28297866778208,1.17912476062934
03-Mar-2020,1.24890201819513,1.15789224979509
04-Mar-2020,1.29823277214263,1.19202087332062
05-Mar-2020,1.25797343929729,1.17324989712934
06-Mar-2020,1.23954303042978,1.16453714713313
09-Mar-2020,1.14926016940291,1.12192110719857
10-Mar-2020,1.20357105510823,1.15305424765487
11-Mar-2020,1.14807068911429,1.12482326168777
12-Mar-2020,1.04505646763568,1.07035859708645
13-Mar-2020,1.127810310572,1.12365905038028
16-Mar-2020,1.01339799226184,1.04895786860115
17-Mar-2020,1.06255882045383,1.08568091565587
18-Mar-2020,1.01164644985883,1.0650860475027
19-Mar-2020,1.0137639861968,1.05961440280935
20-Mar-2020,0.969439506431036,1.03575431988762
23-Mar-2020,0.947362229425912,1.01552607677032
24-Mar-2020,1.02620777998536,1.06283470798641
25-Mar-2020,1.04048154344871,1.06655583236821
26-Mar-2020,1.09714524730733,1.10366955909195
27-Mar-2020,1.06731674160828,1.08340340440098
30-Mar-2020,1.09924971243334,1.10984078294418
31-Mar-2020,1.08395639443689,1.1028823718835
01-Apr-2020,1.03870385862177,1.07623572239153
02-Apr-2020,1.06097720380634,1.09136641125958
03-Apr-2020,1.04680801003869,1.08391961387508
06-Apr-2020,1.11199414409704,1.1244369084205
07-Apr-2020,1.1128176304507,1.11919362280687
08-Apr-2020,1.1476131966956,1.14068039189292
09-Apr-2020,1.16396528286103,1.14274971909983
10-Apr-2020,1.16396528286103,1.14274971909983
13-Apr-2020,1.1538612360138,1.14034462831087
14-Apr-2020,1.1857811356269,1.16481914356865
15-Apr-2020,1.16268430408868,1.1559319836756
16-Apr-2020,1.16820035553697,1.16755182290236
17-Apr-2020,1.19745372790965,1.17930484137008
20-Apr-2020,1.17783383875353,1.17124615700835
21-Apr-2020,1.14451531946042,1.14679195419879
22-Apr-2020,1.16806964341734,1.16055371747103
23-Apr-2020,1.16809578584126,1.16226503081237
24-Apr-2020,1.18329760535397,1.17879458353232
27-Apr-2020,1.19895691728537,1.18804676225815
28-Apr-2020,1.19404214158737,1.16977566932519
29-Apr-2020,1.22332165638398,1.17396386843483
30-Apr-2020,1.21243333681899,1.16372196813403
01-May-2020,1.1823041932448,1.14721872239665
04-May-2020,1.18531057199624,1.16349186426042
05-May-2020,1.19553225975112,1.17870744489288
06-May-2020,1.18761110530168,1.17676163769692
07-May-2020,1.20142737634634,1.17726369496113
08-May-2020,1.21985778521385,1.18429829531042
11-May-2020,1.2199100700617,1.20750077055559
12-May-2020,1.19725765973021,1.19384377941415
13-May-2020,1.17753320087839,1.18261569947496
14-May-2020,1.1909050507163,1.1833063223218
15-May-2020,1.19600282338178,1.19915085117422
18-May-2020,1.2297396214577,1.21290821478175
19-May-2020,1.21801474432709,1.19765369033031
20-May-2020,1.23749085015163,1.20874424583524
21-May-2020,1.22950433964237,1.20301998721795
22-May-2020,1.23183101537175,1.20834862681167
25-May-2020,1.23183101537175,1.20834862681167
26-May-2020,1.24589563944369,1.19868222294627
27-May-2020,1.2633064937781,1.20251323246511
28-May-2020,1.26107131653247,1.20361399033059
29-May-2020,1.26650894070898,1.21168499721037
01-Jun-2020,1.27114922095577,1.20967806651084
02-Jun-2020,1.28095262992785,1.21699906626379
03-Jun-2020,1.29674265397888,1.2104513208283
04-Jun-2020,1.29326571159678,1.20077813386692
05-Jun-2020,1.32430984000837,1.20974920074431
08-Jun-2020,1.33951165952107,1.21915928772183
09-Jun-2020,1.33034873993517,1.21456613934384
10-Jun-2020,1.32364320819826,1.21444803519331
11-Jun-2020,1.25185611209871,1.17289292885801
12-Jun-2020,1.26580309526299,1.17971491174982
15-Jun-2020,1.27693976785528,1.19058499638617
16-Jun-2020,1.29990588727387,1.20509718461592
17-Jun-2020,1.29486039945624,1.20501861031861
18-Jun-2020,1.29550088884241,1.20783433627982
19-Jun-2020,1.28320087838544,1.22210329849274
22-Jun-2020,1.29096517829133,1.23054751533331
23-Jun-2020,1.29648122973962,1.2383302420908
24-Jun-2020,1.26545017254,1.22035439206201
25-Jun-2020,1.27828610268744,1.23372637259056
26-Jun-2020,1.24985621666841,1.2159326009856
29-Jun-2020,1.26717557251908,1.21903593100377
30-Jun-2020,1.28236432081983,1.23082004058785
01-Jul-2020,1.29067761162815,1.23541584425435
02-Jul-2020,1.29769685245216,1.23970043953662
03-Jul-2020,1.29769685245216,1.23970043953662
06-Jul-2020,1.3162579734393,1.24361534345755
07-Jul-2020,1.30365732510718,1.24796541372328
08-Jul-2020,1.31302938408449,1.25416495137029
09-Jul-2020,1.30623235386385,1.24887937085565
10-Jul-2020,1.3187153612883,1.24376999124485
13-Jul-2020,1.30799696747882,1.23524374888415
14-Jul-2020,1.32400920213322,1.25281285476102
15-Jul-2020,1.33544651260065,1.26646219146822
16-Jul-2020,1.33136829446826,1.26242724748474
17-Jul-2020,1.33498902018195,1.27640584529469
20-Jul-2020,1.3452237791488,1.28158606063155
21-Jul-2020,1.34796873366099,1.27360376407878
22-Jul-2020,1.35526246993621,1.27536242726335
23-Jul-2020,1.34013907769528,1.26624291108461
24-Jul-2020,1.33199571264248,1.25354597063058
27-Jul-2020,1.34105406253268,1.26554256038312
28-Jul-2020,1.33319826414305,1.2560139191213
29-Jul-2020,1.3487007215309,1.25451321903526
30-Jul-2020,1.34428265188748,1.25661504883501
31-Jul-2020,1.35433441388686,1.24625117293526
03-Aug-2020,1.36310519711388,1.26446854978905
04-Aug-2020,1.36826832583917,1.26162410399951
05-Aug-2020,1.3761241242288,1.26594868235726
06-Aug-2020,1.38490797866778,1.26201874193067
07-Aug-2020,1.38571839380947,1.26363428628307
10-Aug-2020,1.38954825891457,1.26225247571062
11-Aug-2020,1.37841158632228,1.24575016477439
12-Aug-2020,1.39644985883091,1.253426847541
13-Aug-2020,1.39384868765032,1.25756413642366
14-Aug-2020,1.39384868765032,1.25361099406448
17-Aug-2020,1.39808376032626,1.26794061408703
18-Aug-2020,1.40107706786573,1.2646938867834
19-Aug-2020,1.39545644672174,1.2627937305103
20-Aug-2020,1.39974380424553,1.2614560749004
21-Aug-2020,1.40452786782391,1.25757675035124
24-Aug-2020,1.41799121614556,1.24752430574958
25-Aug-2020,1.42253999790861,1.25422501721746
26-Aug-2020,1.43601641744223,1.24953771663278
27-Aug-2020,1.43869601589459,1.25001889799878
28-Aug-2020,1.44758444002928,1.25380669584486
31-Aug-2020,1.44270887796717,1.26406139008356
01-Sep-2020,1.45576701871798,1.25338111454659
02-Sep-2020,1.47592282756457,1.26479963308484
03-Sep-2020,1.4277031266339,1.24081749704795
04-Sep-2020,1.41625274495451,1.23422916047073
07-Sep-2020,1.41625274495451,1.23422916047073
08-Sep-2020,1.37967949388267,1.22331472086065
09-Sep-2020,1.40542978144934,1.23732172809232
10-Sep-2020,1.38239830597093,1.22611654735371
11-Sep-2020,1.38311722262888,1.2274389963843
14-Sep-2020,1.40034507999582,1.25530058609054
15-Sep-2020,1.40705061173272,1.2590682319266
16-Sep-2020,1.40167834361602,1.26601976124164
17-Sep-2020,1.39001882254523,1.2641504983276
18-Sep-2020,1.36961466067134,1.26744073295332
21-Sep-2020,1.35528861236014,1.24558453930353
22-Sep-2020,1.36833368189899,1.24688959881619
23-Sep-2020,1.33832217923246,1.2318880534539
24-Sep-2020,1.34174683676671,1.2266393297457
25-Sep-2020,1.36229478197218,1.2412169024814
28-Sep-2020,1.38365314231936,1.24510835001187
29-Sep-2020,1.37654240301161,1.24698267594177
30-Sep-2020,1.38629352713584,1.25236294957347
01-Oct-2020,1.39467217400397,1.25533502914991
02-Oct-2020,1.38203231203597,1.24405917754834
05-Oct-2020,1.40485464812297,1.26891871470614
06-Oct-2020,1.38605824532051,1.26083291594713
07-Oct-2020,1.40872372686395,1.27958023124102
08-Oct-2020,1.42069695702186,1.28332260289102
09-Oct-2020,1.43268325839172,1.29035934460618
12-Oct-2020,1.45462982327721,1.29410899041138
13-Oct-2020,1.44576754156645,1.29608923055901
14-Oct-2020,1.43719282651888,1.28665391136157
15-Oct-2020,1.43548049775175,1.28074447535889
16-Oct-2020,1.43460472655025,1.28185938998498
19-Oct-2020,1.41379535710551,1.27379126291544
20-Oct-2020,1.41901077067866,1.28021499145258
21-Oct-2020,1.41635731465021,1.26605368352891
22-Oct-2020,1.42349419638189,1.27726024672442
23-Oct-2020,1.42821290390045,1.27066114227377
26-Oct-2020,1.40333838753529,1.25632048533301
27-Oct-2020,1.39890724667991,1.26105181888987
28-Oct-2020,1.35357628359301,1.23085715787421
29-Oct-2020,1.36638607131653,1.21867054876109
30-Oct-2020,1.35268744117955,1.21411345974115
02-Nov-2020,1.36709191676252,1.23373604177209
03-Nov-2020,1.38984889678971,1.24534256558569
04-Nov-2020,1.41974275854857,1.27180434037112
05-Nov-2020,1.44609432186552,1.26907469124425
06-Nov-2020,1.44554533096309,1.26036798416769
09-Nov-2020,1.46231569591133,1.28468273038612
10-Nov-2020,1.46015894593747,1.29665203060558
11-Nov-2020,1.47049827460002,1.29784660639426
12-Nov-2020,1.45730942172958,1.29144636919757
13-Nov-2020,1.47645874725505,1.28984613919916
16-Nov-2020,1.49394802886124,1.29786727296702
17-Nov-2020,1.48641901077068,1.29592502089105
18-Nov-2020,1.46941336400711,1.28990242426554
19-Nov-2020,1.47539997908606,1.29076027209461
20-Nov-2020,1.4659756352609,1.29214148553723
23-Nov-2020,1.47423664122137,1.29430965145714
24-Nov-2020,1.49665376973753,1.3119259373704
25-Nov-2020,1.49443166370386,1.31775502466418
26-Nov-2020,1.49443166370386,1.31775502466418
27-Nov-2020,1.49854909547213,1.31959171111498
30-Nov-2020,1.49227491373,1.31740529432501
01-Dec-2020,1.50674474537279,1.31559121615123
02-Dec-2020,1.50963348321656,1.32316684626287
03-Dec-2020,1.50943741503712,1.32624016016964
04-Dec-2020,1.52154135731465,1.33468635394076
07-Dec-2020,1.51878333159051,1.33006928749779
08-Dec-2020,1.52308376032626,1.3333094868718
09-Dec-2020,1.50999947715152,1.33100833757996
10-Dec-2020,1.50965962564049,1.34020758659782
11-Dec-2020,1.50811722262888,1.33636788855325
14-Dec-2020,1.50162083028338,1.33619870466495
15-Dec-2020,1.52090086792847,1.34535953550702
16-Dec-2020,1.52312297396215,1.3467464975299
17-Dec-2020,1.5311094844714,1.35659526266052
18-Dec-2020,1.51908396946565,1.36103645910821
21-Dec-2020,1.51398619680017,1.34434850143293
22-Dec-2020,1.51163337864687,1.33598040534597
23-Dec-2020,1.51282285893548,1.3447711013804
24-Dec-2020,1.51845655129144,1.34816493807674
25-Dec-2020,1.51845655129144,1.34816493807674
28-Dec-2020,1.53091341629196,1.34492384767811
29-Dec-2020,1.52811617693193,1.34937770646406
30-Dec-2020,1.53023371326989,1.35097182816242
31-Dec-2020,1.53733138136568,1.35668569727817
01-Jan-2021,1.53733138136568,1.35668569727817
04-Jan-2021,1.51772456342152,1.3467335086496
05-Jan-2021,1.52754104360556,1.36980096018241
06-Jan-2021,1.53582819198996,1.37782510102463
07-Jan-2021,1.5574087629405,1.38878858259298
08-Jan-2021,1.56577433859667,1.40237340898992
11-Jan-2021,1.55563107811356,1.40218882916464
12-Jan-2021,1.55594478720067,1.40103938007171
13-Jan-2021,1.56014064624072,1.39932668343772
14-Jan-2021,1.55480759175991,1.40600748977652
15-Jan-2021,1.54407612673847,1.40121264866586
18-Jan-2021,1.54407612673847,1.40121264866586
19-Jan-2021,1.55569643417338,1.40968158578512
20-Jan-2021,1.57627052180278,1.41390937457677
21-Jan-2021,1.57753842936317,1.40824733737362
22-Jan-2021,1.57225765973021,1.41169461609208
25-Jan-2021,1.57842727177664,1.4141574523434
26-Jan-2021,1.57603523998745,1.40965373730385
27-Jan-2021,1.53933127679598,1.38885638081183
28-Jan-2021,1.55181428422043,1.39373448578318
29-Jan-2021,1.52206420579316,1.3840592559601
01-Feb-2021,1.54623287671233,1.39535895612037
02-Feb-2021,1.56693767646136,1.40235722921688
03-Feb-2021,1.56793108857053,1.40063667541706
04-Feb-2021,1.58489752169821,1.41077745141442
05-Feb-2021,1.59075342465753,1.41743735508568
08-Feb-2021,1.60175938513019,1.42879329812584
09-Feb-2021,1.60077904423298,1.43153477365167
10-Feb-2021,1.60025619575447,1.42943176597905
11-Feb-2021,1.6026351563317,1.42970008929074
12-Feb-2021,1.60995503503085,1.43416995877959
15-Feb-2021,1.60995503503085,1.43416995877959
16-Feb-2021,1.60830806232354,1.42710110807878
17-Feb-2021,1.60876555474224,1.42526064663157
18-Feb-2021,1.60215152148907,1.41586928212666
19-Feb-2021,1.59919742758549,1.41950392219501
22-Feb-2021,1.5872895534874,1.41569077817928
23-Feb-2021,1.58910645195023,1.41119465003812
24-Feb-2021,1.60573303356687,1.42421346587791
25-Feb-2021,1.56806180069016,1.40374549121374
26-Feb-2021,1.56106870229008,1.39957069581659
01-Mar-2021,1.59696225033985,1.41996767632287
02-Mar-2021,1.58509358987765,1.41032235841162
03-Mar-2021,1.56480706891143,1.40037086715136
04-Mar-2021,1.54608909338074,1.3829344499762
05-Mar-2021,1.57326414305134,1.39989241815681
08-Mar-2021,1.56555212799331,1.40083084577074
09-Mar-2021,1.58717191257973,1.41218556127219
10-Mar-2021,1.59668775488863,1.42056490113079
11-Mar-2021,1.61212485621667,1.43274988507661
12-Mar-2021,1.61377182892398,1.43631542423832
15-Mar-2021,1.6231046742654,1.4408528680151
16-Mar-2021,1.62110477883509,1.43305324453144
17-Mar-2021,1.62630712119628,1.43502133951525
18-Mar-2021,1.6034063578375,1.42053065189216
19-Mar-2021,1.59564205793161,1.42532654538716
22-Mar-2021,1.60802049566036,1.42432234484297
23-Mar-2021,1.59604726550246,1.40420303845106
24-Mar-2021,1.5884136777162,1.39406448963429
25-Mar-2021,1.59688382306807,1.40473678823849
26-Mar-2021,1.62140541671024,1.42041238579076
29-Mar-2021,1.62045121823695,1.41051684687199
30-Mar-2021,1.61635992889261,1.41346258002239
31-Mar-2021,1.62262103942278,1.41995390352308
01-Apr-2021,1.63954825891457,1.42403591352948
02-Apr-2021,1.63954825891457,1.42403591352948
05-Apr-2021,1.66195231621876,1.42941710768902
06-Apr-2021,1.66123339956081,1.42657386428797
07-Apr-2021,1.66301108438774,1.41859312200625
08-Apr-2021,1.67072309944578,1.42285969298377
09-Apr-2021,1.68229112203284,1.42345261454949
12-Apr-2021,1.68284011293527,1.42059492333871
13-Apr-2021,1.68779410226916,1.42285640258574
14-Apr-2021,1.6821996235491,1.43421190332735
15-Apr-2021,1.69987190212277,1.43832852368204
16-Apr-2021,1.70516574296769,1.43835479713404
19-Apr-2021,1.69710080518666,1.43803872195229
20-Apr-2021,1.68531057199624,1.42883245816995
21-Apr-2021,1.70057774756875,1.43935940031865
22-Apr-2021,1.68575499320297,1.43250474284542
23-Apr-2021,1.70325734602112,1.43927003234775
26-Apr-2021,1.70662971870752,1.44038838460692
27-Apr-2021,1.70608072780508,1.44270049520435
28-Apr-2021,1.7056885914462,1.45562164472995
29-Apr-2021,1.71604099132072,1.45858549137085
30-Apr-2021,1.70529645508732,1.44627405977439
03-May-2021,1.70879953989334,1.46308675984783
04-May-2021,1.69878699152985,1.46388160306438
05-May-2021,1.69934905364425,1.47875305662391
06-May-2021,1.71238105197114,1.4816644941249
07-May-2021,1.72432813970511,1.49289662238919
10-May-2021,1.70777998536024,1.49361500582467
11-May-2021,1.69307487190212,1.47678062942706
12-May-2021,1.65829237686918,1.47458238254429
13-May-2021,1.67748091603053,1.47326688002385
14-May-2021,1.70232928997177,1.48932631878932
17-May-2021,1.69812035971975,1.49908780938773
18-May-2021,1.68404266443585,1.48835851145535
19-May-2021,1.67972916448813,1.47617995097848
20-May-2021,1.69723151730628,1.48032077119054
21-May-2021,1.69595053853393,1.48138938181525
24-May-2021,1.71259019136254,1.48629270039047
25-May-2021,1.70913939140437,1.4757427457419
26-May-2021,1.71234183833525,1.47698951656014
27-May-2021,1.71317839590087,1.47632205130127
28-May-2021,1.71611941859249,1.47892290762413
31-May-2021,1.71611941859249,1.47892290762413
01-Jun-2021,1.714537801945,1.48849468947638
02-Jun-2021,1.7172043291854,1.49630008260355
03-Jun-2021,1.7109562898672,1.49891770854834
04-Jun-2021,1.7262626790756,1.50359773947095
07-Jun-2021,1.72457649273241,1.5031364762856
08-Jun-2021,1.72509934121092,1.50587807568297
09-Jun-2021,1.72277266548154,1.50719148460026
10-Jun-2021,1.73061539265921,1.51453722947343
11-Jun-2021,1.73329499111158,1.50952852418202
14-Jun-2021,1.73686343197741,1.50788418849538
15-Jun-2021,1.73376555474224,1.51707974692049
16-Jun-2021,1.72427585485726,1.51271415249803
17-Jun-2021,1.72396214577016,1.49996691238576
18-Jun-2021,1.69661717034403,1.48083401283955
21-Jun-2021,1.71967478824637,1.49901774408018
22-Jun-2021,1.72856321238105,1.50306014011802
23-Jun-2021,1.72647181846701,1.5024511635246
24-Jun-2021,1.73630136986301,1.5089230946956
25-Jun-2021,1.74202656070271,1.51343670461415
28-Jun-2021,1.74559500156855,1.49818043939696
29-Jun-2021,1.7465230576179,1.49647701676559
30-Jun-2021,1.74811774547736,1.50183134663013
01-Jul-2021,1.75722838021541,1.5140735852617
02-Jul-2021,1.7701558088466,1.51760987581727
05-Jul-2021,1.7701558088466,1.51760987581727
06-Jul-2021,1.76748928160619,1.50186176287902
07-Jul-2021,1.77365889365262,1.49293524810169
08-Jul-2021,1.75992104987975,1.49803943273874
09-Jul-2021,1.77765868451323,1.50753700792289
12-Jul-2021,1.78373679807592,1.50749027037833
13-Jul-2021,1.77771096936108,1.51458760923908
14-Jul-2021,1.78048206629719,1.50125568249723
15-Jul-2021,1.77486144515319,1.49371459733261
16-Jul-2021,1.76143731046743,1.49586022485225
19-Jul-2021,1.73691571682526,1.46165444478892
20-Jul-2021,1.76070532259751,1.47323155877282
21-Jul-2021,1.77410331485935,1.48959059633837
22-Jul-2021,1.77785475269267,1.50100714255602
23-Jul-2021,1.7953309630869,1.50911277847238
26-Jul-2021,1.79946146606713,1.50778823021314
27-Jul-2021,1.79173637979713,1.50819755531233
28-Jul-2021,1.79110896162292,1.51216244034352
29-Jul-2021,1.79816741608282,1.52149635154161
30-Jul-2021,1.7898541252745,1.522104888229
02-Aug-2021,1.78642946774025,1.50958250630127
03-Aug-2021,1.80040259332845,1.51324868351799
04-Aug-2021,1.79189323434069,1.4964685099975
05-Aug-2021,1.80265084178605,1.50250271159055
06-Aug-2021,1.80514744327094,1.49744639222164
09-Aug-2021,1.80363118268326,1.49059179065948
10-Aug-2021,1.80568336296141,1.49908871272236
11-Aug-2021,1.81003607654502,1.49981463612851
12-Aug-2021,1.81518613405835,1.50176690052738
13-Aug-2021,1.81867614765241,1.49878382320939
16-Aug-2021,1.82287200669246,1.50076791756424
17-Aug-2021,1.81136934016522,1.50247029450281
18-Aug-2021,1.79233765554742,1.48445370659432
19-Aug-2021,1.79513489490746,1.48103711724342
20-Aug-2021,1.80884659625641,1.47193148591651
23-Aug-2021,1.82413991425285,1.49358874036991
24-Aug-2021,1.82676722785737,1.50539055250424
25-Aug-2021,1.83027031266339,1.50803184442727
26-Aug-2021,1.81922513855485,1.50313986737582
27-Aug-2021,1.83573407926383,1.5085629421149
30-Aug-2021,1.84357680644149,1.51351436592907
31-Aug-2021,1.84089720798912,1.50966539342544
01-Sep-2021,1.84175990797867,1.50883020060999
02-Sep-2021,1.84728903063892,1.52316260727309
03-Sep-2021,1.84671389731256,1.52106652607598
06-Sep-2021,1.84671389731256,1.52106652607598
07-Sep-2021,1.84016522011921,1.5126795068621
08-Sep-2021,1.83815225347694,1.51741187199105
09-Sep-2021,1.8307931611419,1.50430447116512
10-Sep-2021,1.81671546585799,1.50917924874793
13-Sep-2021,1.82131653246889,1.51228718349695
14-Sep-2021,1.81206211439925,1.51070284766809
15-Sep-2021,1.826545017254,1.52606724198815
16-Sep-2021,1.82360399456238,1.5249902660285
17-Sep-2021,1.80084701453519,1.52202164698755
20-Sep-2021,1.77227334518457,1.50897723757757
21-Sep-2021,1.77061330126529,1.50951693420744
22-Sep-2021,1.78727909651783,1.51831407330595
23-Sep-2021,1.80767018717976,1.52973062042613
24-Sep-2021,1.8103236432082,1.5316538171899
27-Sep-2021,1.80523894175468,1.53460619259154
28-Sep-2021,1.76998588309108,1.52206672587194
29-Sep-2021,1.77291383457074,1.52497904033665
30-Sep-2021,1.75216982118582,1.52149907785232
01-Oct-2021,1.77228641639653,1.5277809103966
04-Oct-2021,1.75028756666318,1.53130331289889
05-Oct-2021,1.767554637666,1.54348880890779
06-Oct-2021,1.77467844818572,1.53063799124335
07-Oct-2021,1.78921363588832,1.54679542511689
08-Oct-2021,1.78594583289763,1.54526896852185
11-Oct-2021,1.77330597092962,1.54725184575223
12-Oct-2021,1.76947610582453,1.54442747230959
13-Oct-2021,1.77575028756666,1.54559212238119
14-Oct-2021,1.80450695388476,1.55770391385875
15-Oct-2021,1.81753895221165,1.56274896982422
18-Oct-2021,1.82270208093694,1.557906860401
19-Oct-2021,1.83602164592701,1.56797804923672
20-Oct-2021,1.8428709609955,1.58070421559347
21-Oct-2021,1.84738052912266,1.5768689468033
22-Oct-2021,1.84569434277946,1.58398371113626
25-Oct-2021,1.85526246993621,1.58290404313567
26-Oct-2021,1.85697479870334,1.59047310580273
27-Oct-2021,1.84939349576493,1.57383820927339
28-Oct-2021,1.86638607131653,1.58210519765065
29-Oct-2021,1.87013750914985,1.58484056364137
01-Nov-2021,1.87303931820558,1.58733172406113
02-Nov-2021,1.88050298023633,1.5905672702193
03-Nov-2021,1.89137822858936,1.57565473907633
04-Nov-2021,1.90022743908815,1.56882196017419
05-Nov-2021,1.90686761476524,1.57637180598561
08-Nov-2021,1.90827930565722,1.58370799267714
09-Nov-2021,1.90247568754575,1.5890246885495
10-Nov-2021,1.88724772560912,1.5770162723858
11-Nov-2021,1.88770521802782,1.57472483123848
12-Nov-2021,1.90141691937676,1.57532299861533
15-Nov-2021,1.90180905573565,1.57285878496731
16-Nov-2021,1.9090243647391,1.57603830727928
17-Nov-2021,1.90473700721531,1.56703341358039
18-Nov-2021,1.91106347380529,1.57176050385001
19-Nov-2021,1.9079002405103,1.55421353898578
22-Nov-2021,1.90237111785005,1.55734689776927
23-Nov-2021,1.90454093903587,1.57219436846804
24-Nov-2021,1.90965178291331,1.56928625543214
25-Nov-2021,1.90965178291331,1.56928625543214
26-Nov-2021,1.86927480916031,1.51649549199931
29-Nov-2021,1.89126058768169,1.52231468995774
30-Nov-2021,1.85603367144202,1.49377591859888
01-Dec-2021,1.83629614137823,1.48598129915022
02-Dec-2021,1.86324898044547,1.49860896598249
03-Dec-2021,1.84791644881313,1.49709868858659
06-Dec-2021,1.86867353341002,1.52035597749827
07-Dec-2021,1.90567813447663,1.53550024897483
08-Dec-2021,1.91026612987556,1.5459948749707
09-Dec-2021,1.89795304820663,1.53586979347555
10-Dec-2021,1.91515476314964,1.54582488320726
13-Dec-2021,1.89907717243543,1.54588000056264
14-Dec-2021,1.88643731046743,1.53955994784358
15-Dec-2021,1.91469727073094,1.55569601377756
16-Dec-2021,1.89846282547318,1.56094872853811
17-Dec-2021,1.87281710760222,1.54833783752324
20-Dec-2021,1.85360242601694,1.53596191599612
21-Dec-2021,1.88505176199937,1.55178531320474
22-Dec-2021,1.90328610268744,1.56525886583731
23-Dec-2021,1.91501097981805,1.57271409766544
24-Dec-2021,1.91501097981805,1.57271409766544
27-Dec-2021,1.94068284011294,1.58960735624539
28-Dec-2021,1.93910122346544,1.58937360274352
29-Dec-2021,1.94128411586322,1.59579909861371
30-Dec-2021,1.93626477046952,1.59216382431007
31-Dec-2021,1.93223883718498,1.58782454400228
03-Jan-2022,1.9418200355537,1.5870114168822
04-Jan-2022,1.94116647495556,1.57567750771719
05-Jan-2022,1.90499843145456,1.55803176350853
06-Jan-2022,1.90320767541566,1.55033157041772
07-Jan-2022,1.89580936944474,1.54391258725974
10-Jan-2022,1.89353497856321,1.54880580234021
11-Jan-2022,1.91027920108752,1.55771681403264
12-Jan-2022,1.91519397678553,1.55850173179872
13-Jan-2022,1.88992732406149,1.53955797998748
14-Jan-2022,1.89030638920841,1.54231358008479
17-Jan-2022,1.89030638920841,1.54231358008479
18-Jan-2022,1.85758914566559,1.52494928060766
19-Jan-2022,1.83923716406985,1.51732387026981
20-Jan-2022,1.81970877339747,1.50893765909338
21-Jan-2022,1.78560598138659,1.49606147424792
24-Jan-2022,1.79284743281397,1.49656023232352
25-Jan-2022,1.77165899822232,1.48417778019147
26-Jan-2022,1.76704486039946,1.48419249424062
27-Jan-2022,1.75891456655861,1.48245349996159
28-Jan-2022,1.80097772665482,1.5090525208306
31-Jan-2022,1.83217870960996,1.52216016731371
01-Feb-2022,1.84391665795253,1.52454871524605
02-Feb-2022,1.86127522743909,1.53421145484222
03-Feb-2022,1.81891142946774,1.51972815760054
04-Feb-2022,1.82672801422148,1.51951434409715
07-Feb-2022,1.82108125065356,1.51591081824843
08-Feb-2022,1.83538115654083,1.52485785340921
09-Feb-2022,1.86124908501516,1.53785875635932
10-Feb-2022,1.82845341420056,1.51879242213842
11-Feb-2022,1.79418069643417,1.49968560318023
14-Feb-2022,1.78820715256719,1.49474087487297
15-Feb-2022,1.81574819617275,1.5106122745286
16-Feb-2022,1.81789187493464,1.51094480986068
17-Feb-2022,1.78069120568859,1.49123964732758
18-Feb-2022,1.76975060127575,1.48382594569672
21-Feb-2022,1.76975060127575,1.48382594569672
22-Feb-2022,1.75150318937572,1.47886815791201
23-Feb-2022,1.72130868974171,1.46670403918553
24-Feb-2022,1.74623549095472,1.48177562219852
25-Feb-2022,1.78338387535292,1.50087343924406
28-Feb-2022,1.77952786782391,1.49662233738764
01-Mar-2022,1.75389522116491,1.48614440718406
02-Mar-2022,1.78398515110321,1.50147293006483
03-Mar-2022,1.77568493150685,1.4990630233954
04-Mar-2022,1.76222158318519,1.49419418324354
07-Mar-2022,1.71200198682422,1.47171197865
08-Mar-2022,1.69921834152463,1.46052538369087
09-Mar-2022,1.74271933493674,1.48394253589402
10-Mar-2022,1.73486353654711,1.47681312847666
11-Mar-2022,1.71364895953153,1.46655369108764
14-Mar-2022,1.70100909756353,1.46255684058463
15-Mar-2022,1.73652358046638,1.48414428614993
16-Mar-2022,1.77402488758758,1.50230110259581
17-Mar-2022,1.79525253581512,1.51269723911574
18-Mar-2022,1.80896423716407,1.52373077735091
21-Mar-2022,1.80778782808742,1.52017621948535
22-Mar-2022,1.82794363693402,1.52614755751892
23-Mar-2022,1.80555265084179,1.51123226602768
24-Mar-2022,1.83164278991948,1.5273529988086
25-Mar-2022,1.83976001254836,1.52925519682685
28-Mar-2022,1.85250444421207,1.53761912703714
29-Mar-2022,1.87481700303252,1.54499395522254
30-Mar-2022,1.86385025619575,1.55631395874984
31-Mar-2022,1.8361654292586,1.52941570106528
01-Apr-2022,1.84094949283698,1.53323203317132
04-Apr-2022,1.85611209871379,1.54501400259426
05-Apr-2022,1.83296298232772,1.53384339927221
06-Apr-2022,1.81517306284639,1.53074076172112
07-Apr-2022,1.82391770364948,1.54055858840886
08-Apr-2022,1.81895064310363,1.54933482891307
11-Apr-2022,1.78874307225766,1.52877755293986
12-Apr-2022,1.78250810415142,1.54588021718909
13-Apr-2022,1.80229791906306,1.56265144938378
14-Apr-2022,1.78015528599812,1.56698145668293
15-Apr-2022,1.78015528599812,1.56698145668293
18-Apr-2022,1.78079577538429,1.5666164181151
19-Apr-2022,1.80821917808219,1.55021734013594
20-Apr-2022,1.80726497960891,1.5589613459003
21-Apr-2022,1.78097877235177,1.558594027786
22-Apr-2022,1.73373941231831,1.53033583657072
25-Apr-2022,1.74372581825787,1.52374686664095
26-Apr-2022,1.69538847641953,1.52623122132007
27-Apr-2022,1.69971504757921,1.52475178993695
28-Apr-2022,1.74099393495765,1.54107031011681
29-Apr-2022,1.67873575237896,1.52378034832501
02-May-2022,1.6879901704486,1.52786840028297
03-May-2022,1.69554533096309,1.51923503777888
04-May-2022,1.74552964550873,1.55027536578619
05-May-2022,1.68523214472446,1.54274325470192
06-May-2022,1.67531109484471,1.55119738560625
09-May-2022,1.62400658789083,1.50694042055806
10-May-2022,1.62771881208826,1.49649861295897
11-May-2022,1.60311879117432,1.51494825067826
12-May-2022,1.60160253058664,1.52547033369295
13-May-2022,1.63814963923455,1.54227108670967
16-May-2022,1.63182317264457,1.55633377671341
17-May-2022,1.6637300010457,1.55068488205952
18-May-2022,1.59952420788456,1.52821693385866
19-May-2022,1.59026978981491,1.53686232779174
20-May-2022,1.59118477465231,1.54859740900035
23-May-2022,1.61945780612778,1.55443476467624
24-May-2022,1.60808585172017,1.55618839752128
25-May-2022,1.62188905155286,1.55887386116948
26-May-2022,1.65289396632856,1.57328719712174
27-May-2022,1.69170239464603,1.58594686248586
30-May-2022,1.69170239464603,1.58594686248586
31-May-2022,1.68233033566872,1.57962818888006
01-Jun-2022,1.66899769946669,1.57305673961503
02-Jun-2022,1.69961047788351,1.58669087881048
03-Jun-2022,1.67267071002823,1.59452282026128
06-Jun-2022,1.67715413573147,1.58812564045337
07-Jun-2022,1.69290494614661,1.60369624455388
08-Jun-2022,1.67498431454564,1.61150581477649
09-Jun-2022,1.63664644985883,1.59586231511707
10-Jun-2022,1.59055735647809,1.58288120674912
13-Jun-2022,1.53168461779776,1.57054805207992
14-Jun-2022,1.52693976785528,1.55500590143492
15-Jun-2022,1.54838962668619,1.55057497259308
16-Jun-2022,1.4994379378856,1.54866072262734
17-Jun-2022,1.49636620307435,1.52300012914892
20-Jun-2022,1.49636620307435,1.52300012914892
21-Jun-2022,1.53222053748824,1.53663435282443
22-Jun-2022,1.53010300115027,1.52410423613456
23-Jun-2022,1.54472968733661,1.52265935436845
24-Jun-2022,1.59168148070689,1.54309050391074
27-Jun-2022,1.58562950956813,1.55367156988824
28-Jun-2022,1.55454616752065,1.55544057453939
29-Jun-2022,1.55367039631915,1.54991639282796
30-Jun-2022,1.54181480706891,1.53469465682872
01-Jul-2022,1.55790546899509,1.54684582076819
04-Jul-2022,1.55790546899509,1.54684582076819
05-Jul-2022,1.56083342047475,1.5061869794011
06-Jul-2022,1.56539527344975,1.50335225900439
07-Jul-2022,1.58772090348217,1.52124665882654
08-Jul-2022,1.58620464289449,1.53353588807144
11-Jul-2022,1.56910749764718,1.53049493748977
12-Jul-2022,1.55591864477674,1.49444888591219
13-Jul-2022,1.54819355850674,1.49180101605654
14-Jul-2022,1.54440290703754,1.48872719457446
15-Jul-2022,1.57284586426854,1.50505043782015
18-Jul-2022,1.56019293108857,1.51171676586996
19-Jul-2022,1.60045226393391,1.5265789260342
20-Jul-2022,1.61020338805814,1.51963830470583
21-Jul-2022,1.62655547422357,1.5154841332025
22-Jul-2022,1.61255620621144,1.5083109496338
25-Jul-2022,1.61422932134268,1.52002204202591
26-Jul-2022,1.59587733974694,1.51677821157925
27-Jul-2022,1.63571839380947,1.53484838327366
28-Jul-2022,1.65574349053644,1.53405211494521
29-Jul-2022,1.67898410540625,1.53754490161523
01-Aug-2022,1.67446146606713,1.5169970021872
02-Aug-2022,1.66320715256719,1.51960573726062
03-Aug-2022,1.68849994771515,1.51100196385605
04-Aug-2022,1.68750653560598,1.49763894959103
05-Aug-2022,1.68412109170762,1.49739672967242
08-Aug-2022,1.68246104778835,1.50955699781366
09-Aug-2022,1.67589929938304,1.507580444388
10-Aug-2022,1.70977988079055,1.51783370231725
11-Aug-2022,1.70944002927951,1.52555400727175
12-Aug-2022,1.73747777893966,1.52470917459256
15-Aug-2022,1.74443166370386,1.51562669789784
16-Aug-2022,1.7477517515424,1.50531964431664
17-Aug-2022,1.73553016835721,1.50689176257587
18-Aug-2022,1.74044494405521,1.51676906047126
19-Aug-2022,1.71760953675625,1.51733205505205
22-Aug-2022,1.6829708250549,1.51430359723245
23-Aug-2022,1.67897103419429,1.51942262760893
24-Aug-2022,1.68397730837603,1.52662151626682
25-Aug-2022,1.70715256718603,1.52354861910702
26-Aug-2022,1.6515084178605,1.50651157496433
29-Aug-2022,1.6407638816271,1.51879803635411
30-Aug-2022,1.62345759698839,1.49806996823871
31-Aug-2022,1.6113405834989,1.48211323589836
01-Sep-2022,1.61578479556625,1.47691245824049
02-Sep-2022,1.59962877758026,1.47281696471333
05-Sep-2022,1.59962877758026,1.47281696471333
06-Sep-2022,1.59334152462616,1.47326226071796
07-Sep-2022,1.62117013489491,1.45986354594429
08-Sep-2022,1.63120882568232,1.4706619763832
09-Sep-2022,1.65553435114504,1.49145663916918
12-Sep-2022,1.67255306912057,1.50167075030175
13-Sep-2022,1.60229530482066,1.48328321448774
14-Sep-2022,1.60816427899195,1.48750690192574
15-Sep-2022,1.59049200041828,1.47383813648865
16-Sep-2022,1.57259751124124,1.47336021515596
19-Sep-2022,1.58424396110007,1.46969610391338
20-Sep-2022,1.56650632646659,1.45975840514106
21-Sep-2022,1.54045540102478,1.44491847393679
22-Sep-2022,1.5274234026979,1.4459070393684
23-Sep-2022,1.50282338178396,1.41486824854415
26-Sep-2022,1.48801369863014,1.40105533270046
27-Sep-2022,1.48397469413364,1.40389919912262
28-Sep-2022,1.51284900135941,1.43077090467565
29-Sep-2022,1.48236693506222,1.42713226961706
30-Sep-2022,1.46013280351354,1.41755394892011
03-Oct-2022,1.49745111366726,1.44819819996084
04-Oct-2022,1.54203701767228,1.47686838313494
05-Oct-2022,1.53831172226289,1.48749969564215
06-Oct-2022,1.52284847851093,1.48958131332345
07-Oct-2022,1.48179180173586,1.47643060604815
10-Oct-2022,1.47072048520339,1.46440617565239
11-Oct-2022,1.46184513228067,1.4632488305698
12-Oct-2022,1.45738784900136,1.46464122384473
13-Oct-2022,1.4939611000732,1.49304417555872
14-Oct-2022,1.46108700198682,1.47282426186376
17-Oct-2022,1.49712433336819,1.48555142142985
18-Oct-2022,1.51415612255568,1.49212787013438
19-Oct-2022,1.50342465753425,1.49896213985395
20-Oct-2022,1.4909416501098,1.49563921124243
21-Oct-2022,1.52581564362648,1.51935029985807
24-Oct-2022,1.54365784795566,1.53051837876389
25-Oct-2022,1.56787880372268,1.5346972253984
26-Oct-2022,1.55672905991844,1.54656980529508
27-Oct-2022,1.54904318728433,1.54592125726062
28-Oct-2022,1.58425703231204,1.55542665849203
31-Oct-2022,1.57308114608386,1.55905670647932
01-Nov-2022,1.56634947192304,1.5630434517071
02-Nov-2022,1.52841681480707,1.54271455119373
03-Nov-2022,1.51311042559866,1.54998909083604
04-Nov-2022,1.5339197950434,1.5590188984317
07-Nov-2022,1.54785370699571,1.57284139451148
08-Nov-2022,1.55614085538011,1.57579955815864
09-Nov-2022,1.52542350726759,1.54569373633421
10-Nov-2022,1.6069878699153,1.56901439650445
11-Nov-2022,1.62186290912893,1.57744503418445
14-Nov-2022,1.60846491686709,1.57766500396588
15-Nov-2022,1.62201976367249,1.58260751067915
16-Nov-2022,1.61043866987347,1.57185101980979
17-Nov-2022,1.60545853811565,1.57278767436954
18-Nov-2022,1.61229478197218,1.57469077444051
21-Nov-2022,1.60667416082819,1.56807039393668
22-Nov-2022,1.62773188330022,1.58810819523064
23-Nov-2022,1.63787514378333,1.584718822567
24-Nov-2022,1.63787514378333,1.584718822567
25-Nov-2022,1.63749607863641,1.58585279380907
28-Nov-2022,1.61242549409181,1.56824613888497
29-Nov-2022,1.60952368503608,1.57460886378393
30-Nov-2022,1.65871065565199,1.58897041298119
01-Dec-2022,1.65797866778208,1.58756680327119
02-Dec-2022,1.65626633901495,1.58584989328386
05-Dec-2022,1.62715674997386,1.56622913993718
06-Dec-2022,1.60481804872948,1.54976034015161
07-Dec-2022,1.6026351563317,1.55299228145467
08-Dec-2022,1.61455610164174,1.55566945580103
09-Dec-2022,1.60256980027188,1.53777323607451
12-Dec-2022,1.62476471818467,1.55510810518578
13-Dec-2022,1.63699937258183,1.56576818674379
14-Dec-2022,1.6269998954303,1.56359538719305
15-Dec-2022,1.58870124437938,1.54997928365837
16-Dec-2022,1.56363065983478,1.5369924289971
19-Dec-2022,1.55055944787201,1.52803377875414
20-Dec-2022,1.55227177663913,1.53472697794212
21-Dec-2022,1.57467583394332,1.54961861392121
22-Dec-2022,1.55302990693297,1.53866567432283
23-Dec-2022,1.56136934016522,1.55316911384758
26-Dec-2022,1.56136934016522,1.55316911384758
27-Dec-2022,1.55509515842309,1.55687220033631
28-Dec-2022,1.53642946774025,1.5434277381653
29-Dec-2022,1.56319930984001,1.55368911196161
30-Dec-2022,1.55904266443585,1.55485431556085
02-Jan-2023,1.55904266443585,1.55485431556085
03-Jan-2023,1.55304297814493,1.5372976724697
04-Jan-2023,1.56485935375928,1.53856846266786
05-Jan-2023,1.54765763881627,1.54195694181701
06-Jan-2023,1.58229635051762,1.5550877448254
09-Jan-2023,1.58159050507163,1.54550167720179
10-Jan-2023,1.591995189794,1.55268205813799
11-Jan-2023,1.61160200773816,1.55695937977969
12-Jan-2023,1.61774547736066,1.56469543121758
13-Jan-2023,1.62353602426017,1.56749901073185
16-Jan-2023,1.62353602426017,1.56749901073185
17-Jan-2023,1.62058193035658,1.56645521230663
18-Jan-2023,1.59650475792115,1.55106037734782
19-Jan-2023,1.58523737320924,1.55819295193624
20-Jan-2023,1.61328819408136,1.5653882406935
23-Jan-2023,1.63177088779672,1.56764558376247
24-Jan-2023,1.63035919690474,1.56270847287767
25-Jan-2023,1.63101275750288,1.56312518117422
26-Jan-2023,1.64813604517411,1.57929941182434
27-Jan-2023,1.65167834361602,1.56617129804693
30-Jan-2023,1.63161403325316,1.55090699831406
31-Jan-2023,1.65494614660671,1.56114417923429
01-Feb-2023,1.6721217191258,1.55207594901489
02-Feb-2023,1.69555840217505,1.53842491267935
03-Feb-2023,1.67771619784586,1.53593124879566
06-Feb-2023,1.66750758130294,1.53125452850492
07-Feb-2023,1.68839537801945,1.54905946203596
08-Feb-2023,1.67074924186971,1.54360400668249
09-Feb-2023,1.65658004810206,1.53575977947168
10-Feb-2023,1.66007006169612,1.55817352618076
13-Feb-2023,1.67897103419429,1.56099476874234
14-Feb-2023,1.6780560493569,1.55837110289336
15-Feb-2023,1.68315382202238,1.54798129232342
16-Feb-2023,1.66061905259856,1.53899221156965
17-Feb-2023,1.65680225870543,1.52660984716912
20-Feb-2023,1.65680225870543,1.52660984716912
21-Feb-2023,1.62429415455401,1.51835689671704
22-Feb-2023,1.62229425912371,1.51400174665835
23-Feb-2023,1.63076440447558,1.52214491987291
24-Feb-2023,1.61366725922828,1.51569869521901
27-Feb-2023,1.6190656697689,1.51576312448993
28-Feb-2023,1.61336662135313,1.50594139540782
01-Mar-2023,1.6069878699153,1.51245570028387
02-Mar-2023,1.61886960158946,1.51946244498184
03-Mar-2023,1.64425389522116,1.53076537870212
06-Mar-2023,1.64524730733034,1.53082199276427
07-Mar-2023,1.62090871065565,1.51531601210009
08-Mar-2023,1.62343145456447,1.50830565291655
09-Mar-2023,1.59487085642581,1.49776164945496
10-Mar-2023,1.57355170971452,1.48912011032858
13-Mar-2023,1.57195702185507,1.485013556373
14-Mar-2023,1.59647861549723,1.4928708986197
15-Mar-2023,1.58757712015058,1.46979573328327
16-Mar-2023,1.61394175467949,1.47397642286069
17-Mar-2023,1.5905181428422,1.4616429113065
20-Mar-2023,1.60501411690892,1.47014929025181
21-Mar-2023,1.62484314545645,1.47840297317236
22-Mar-2023,1.59872686395483,1.4674386778988
23-Mar-2023,1.60313186238628,1.47055846446928
24-Mar-2023,1.61331433650528,1.47570045967763
27-Mar-2023,1.61561486981073,1.48002251067516
28-Mar-2023,1.61209871379274,1.47433965379366
29-Mar-2023,1.63456812715675,1.48419687076526
30-Mar-2023,1.64388790128621,1.4919394017142
31-Mar-2023,1.66648802676984,1.503048831693
03-Apr-2023,1.67267071002823,1.50512389456836
04-Apr-2023,1.66400449649692,1.50098415841322
05-Apr-2023,1.66001777684827,1.50022605636889
06-Apr-2023,1.66625274495451,1.49936006791273
07-Apr-2023,1.66625274495451,1.49936006791273
10-Apr-2023,1.66745529645509,1.50185225015407
11-Apr-2023,1.66789971766182,1.50668591645018
12-Apr-2023,1.66144253895221,1.50671881857109
13-Apr-2023,1.68259175990798,1.51917572906723
14-Apr-2023,1.67834361602008,1.51319567927198
17-Apr-2023,1.68387273868033,1.51318274716167
18-Apr-2023,1.68498379169717,1.51023845315011
19-Apr-2023,1.68461779776221,1.51045005943828
20-Apr-2023,1.67604308271463,1.50691485255799
21-Apr-2023,1.67716720694343,1.51158682446802
24-Apr-2023,1.67907560388999,1.514082302205
25-Apr-2023,1.65392659207362,1.49875640355284
26-Apr-2023,1.64693349367353,1.49019776491595
27-Apr-2023,1.6781606190526,1.50031683268223
28-Apr-2023,1.69229059918436,1.50646874965198
01-May-2023,1.68997699466695,1.50756942180674
02-May-2023,1.67227857366935,1.50171754676412
03-May-2023,1.66149482380006,1.50355582424431
04-May-2023,1.65013594060441,1.4981109506909
05-May-2023,1.67929781449336,1.50682953003774
08-May-2023,1.67941545540102,1.50592562083223
09-May-2023,1.67226550245739,1.49937614859772
10-May-2023,1.68013437205898,1.50124377941418
11-May-2023,1.67748091603053,1.49761168750758
12-May-2023,1.67508888424135,1.49557345373709
15-May-2023,1.68052650841786,1.49955570292699
16-May-2023,1.66958590400502,1.49258131905843
17-May-2023,1.68898358255778,1.49981755213374
18-May-2023,1.70440761267385,1.50497718548855
19-May-2023,1.70181951270522,1.50904812105921
22-May-2023,1.70243385966747,1.51361140453317
23-May-2023,1.68404266443585,1.49987107435713
24-May-2023,1.67213479033776,1.49127281694368
25-May-2023,1.68587263411063,1.49352917717807
26-May-2023,1.70696957021855,1.49983390192489
29-May-2023,1.70696957021855,1.49983390192489
30-May-2023,1.70794991111576,1.49869504373476
31-May-2023,1.69902227334518,1.49500510796931
01-Jun-2023,1.71460315800481,1.50237986018507
02-Jun-2023,1.73815748196173,1.51686931585367
05-Jun-2023,1.73494196381889,1.51986479922313
06-Jun-2023,1.73864111680435,1.52008088687237
07-Jun-2023,1.7325499320297,1.51540991545703
08-Jun-2023,1.74292847432814,1.52039768170925
09-Jun-2023,1.74583028338388,1.52281453192262
12-Jun-2023,1.76117588622817,1.53165337863542
13-Jun-2023,1.77210341942905,1.5362832578149
14-Jun-2023,1.77420788455506,1.53604654044257
15-Jun-2023,1.79577538429363,1.54960160361316
16-Jun-2023,1.78330544808115,1.54586173554274
19-Jun-2023,1.78330544808115,1.54586173554274
20-Jun-2023,1.7745085224302,1.53936931447294
21-Jun-2023,1.7657638816271,1.53286625627332
22-Jun-2023,1.77167206943428,1.53995044018624
23-Jun-2023,1.75887535292272,1.53358343878891
26-Jun-2023,1.75205218027816,1.52782081689849
27-Jun-2023,1.77045644672174,1.53546171035087
28-Jun-2023,1.77147600125484,1.53425805116572
29-Jun-2023,1.77777632542089,1.53823007700478
30-Jun-2023,1.79812820244693,1.55055334753275
03-Jul-2023,1.79989281606191,1.54318679753313
04-Jul-2023,1.79989281606191,1.54318679753313
05-Jul-2023,1.79709557670187,1.5402514595662
06-Jul-2023,1.78317473596152,1.53558391248292
07-Jul-2023,1.77876973753006,1.52812304957425
10-Jul-2023,1.78329237686918,1.53310214003382
11-Jul-2023,1.79433755097773,1.53417673190319
12-Jul-2023,1.80868974171285,1.53816791892304
13-Jul-2023,1.8229635051762,1.54460999760861
14-Jul-2023,1.82157795670815,1.5510465295712
17-Jul-2023,1.82778678239046,1.55480428226004
18-Jul-2023,1.84098870647286,1.56364541175465
19-Jul-2023,1.84514535187703,1.56479052780605
20-Jul-2023,1.83297605353968,1.56366153953483
21-Jul-2023,1.83298912475165,1.56840594073333
24-Jul-2023,1.84079263829342,1.56818497190245
25-Jul-2023,1.84560284429572,1.57329720784565
26-Jul-2023,1.84600805186657,1.56681721211163
27-Jul-2023,1.8337080414096,1.56208857964716
28-Jul-2023,1.85124960786364,1.56994369575822
31-Jul-2023,1.85471347903378,1.56736057643702
01-Aug-2023,1.84911900031371,1.56309931538592
02-Aug-2023,1.82410070061696,1.55196938322474
03-Aug-2023,1.8187153612883,1.54794120293994
04-Aug-2023,1.81118634319774,1.54024571069782
07-Aug-2023,1.82637509149848,1.54703789446014
08-Aug-2023,1.81889835825578,1.54743218133832
09-Aug-2023,1.80717348112517,1.54159955287827
10-Aug-2023,1.80747411900031,1.54160486064255
11-Aug-2023,1.80629770992366,1.54149226613308
14-Aug-2023,1.81585276586845,1.55006056946494
15-Aug-2023,1.79530482066297,1.54400206402992
16-Aug-2023,1.78241660566768,1.53615178272357
17-Aug-2023,1.76928003764509,1.52843204319015
18-Aug-2023,1.77016888005856,1.52932152369605
21-Aug-2023,1.78101798598766,1.53810793582502
22-Aug-2023,1.7764038481648,1.53602193045282
23-Aug-2023,1.79602373732092,1.5454921256125
24-Aug-2023,1.77181585276587,1.53128524342378
25-Aug-2023,1.78385443898358,1.53923515887833
28-Aug-2023,1.79488654188016,1.54401604224209
29-Aug-2023,1.82029697793579,1.55743032667576
30-Aug-2023,1.82753842936317,1.56054413697093
31-Aug-2023,1.82508104151417,1.55726930223874
01-Sep-2023,1.82796977935794,1.55758370173706
04-Sep-2023,1.82796977935794,1.55758370173706
05-Sep-2023,1.82003555369654,1.55423246003445
06-Sep-2023,1.80814075081042,1.5468553625362
07-Sep-2023,1.80292533723727,1.54272088662656
08-Sep-2023,1.80555265084179,1.53920544136645
11-Sep-2023,1.81696381888529,1.54300424864668
12-Sep-2023,1.80736954930461,1.55002791200471
13-Sep-2023,1.80946094321866,1.5500979394965
14-Sep-2023,1.82445362333996,1.56010400991731
15-Sep-2023,1.79692565094636,1.55733521199113
18-Sep-2023,1.7979974903273,1.55568537573602
19-Sep-2023,1.79424605249399,1.55636786090786
20-Sep-2023,1.77825996026352,1.54876273819053
21-Sep-2023,1.74946408030953,1.54642625905108
22-Sep-2023,1.74584335459584,1.54681665304158
25-Sep-2023,1.75260117118059,1.54806970296135
26-Sep-2023,1.72767436996758,1.54690835840796
27-Sep-2023,1.72817107602217,1.55618712014314
28-Sep-2023,1.73800062741817,1.55112471715521
29-Sep-2023,1.73392240928579,1.54353628223345
02-Oct-2023,1.73282442748092,1.53204664430399
03-Oct-2023,1.7100413050298,1.53106194310471
04-Oct-2023,1.72239360033462,1.50849531028978
05-Oct-2023,1.72179232458434,1.50223864423689
06-Oct-2023,1.74129457283279,1.50814142763077
09-Oct-2023,1.75258809996863,1.52675449592232
10-Oct-2023,1.76137195440761,1.52665622526947
11-Oct-2023,1.76860033462303,1.51868769320348
12-Oct-2023,1.75772508627,1.51355110413299
13-Oct-2023,1.74955557879327,1.53694125460673
16-Oct-2023,1.76707100282338,1.53711758428084
17-Oct-2023,1.76665272404057,1.53886041727228
18-Oct-2023,1.74368660462198,1.54072609589076
19-Oct-2023,1.72865471086479,1.54687009973387
20-Oct-2023,1.70831590505072,1.53960831300593
23-Oct-2023,1.70566244902227,1.52651119035241
24-Oct-2023,1.71821081250654,1.51680272308603
25-Oct-2023,1.69401599916344,1.52140588436406
26-Oct-2023,1.67474903273031,1.5083304719084
27-Oct-2023,1.6674160828192,1.50916247245966
30-Oct-2023,1.68659155076859,1.4985426868233
31-Oct-2023,1.69672174003974,1.49523624694999
